ProductionVolume,ProductionCost,SupplierQuality,DeliveryDelay,DefectRate,QualityScore,MaintenanceHours,DowntimePercentage,InventoryTurnover,StockoutRate,WorkerProductivity,SafetyIncidents,EnergyConsumption,EnergyEfficiency,AdditiveProcessTime,AdditiveMaterialCost,DefectStatus
487,15311.1921311189,90.0498420472,2,1.6439184618,85.6273145089,15,3.1921311189,5.8420472,0.0439762719,97.3912215751,1,2817.4811794312,0.2811794312,5.3811794312,258.1491081441,0
613,19798.4124124124,92.4124124124,4,3.9824124124,78.9824124124,20,4.4124124124,6.4124124124,0.059246599,95.9111111111,9,4121.1111111111,0.2921111111,7.1111111111,421.1111111111,1
219,16921.8528528529,95.8528528529,1,2.1528528529,91.8528528529,12,2.8528528529,7.8528528529,0.0528528529,98.8528528529,2,2388.8528528529,0.2438528529,3.8528528529,381.8528528529,0
943,15123.1754921975,88.9176058534,3,4.3535195967,82.1869238176,19,3.1769603918,3.9217826927,0.077624138,96.5174618468,4,3456.1794311631,0.3110093334,8.5501222213,401.1953223167,1
657,18467.1041913834,94.5536616196,2,1.9344714611,87.9263755567,14,1.480444293,8.6565544215,0.054596638,98.648170546,7,3142.9992734586,0.2556373344,9.9824251136,324.4892152306,0
781,15851.7532201752,96.0134113553,1,2.8317284474,90.7149617172,16,2.4563415639,5.123529512,0.051228344,99.2958664448,6,2928.3255241721,0.2421846236,2.9257862311,281.3471345774,0
413,18251.7532201752,91.5536616196,3,3.9344714611,80.9263755567,17,3.559812219,4.6212311035,0.065335555,95.1862146475,5,4361.349345648,0.2920087234,6.3544547414,216.1447259827,1
959,16851.7532201752,93.5536616196,2,2.9344714611,89.9263755567,13,1.480444293,6.6565544215,0.054596638,98.648170546,8,3028.3255241721,0.2421846236,3.9257862311,311.3471345774,0
649,17321.8528528529,97.5536616196,1,1.9344714611,92.9263755567,10,2.8528528529,3.9217826927,0.0439762719,99.2958664448,2,2628.3255241721,0.2438528529,2.9257862311,381.8528528529,0
817,16123.1754921975,89.9176058534,4,3.3535195967,81.1869238176,18,3.1769603918,8.123529512,0.051228344,96.5174618468,9,3928.3255241721,0.2421846236,7.9257862311,401.1953223167,1
193,14312.6786730348,85.6446446514,1,2.469369454,73.7647637557,14,2.321876432,8.9977534762,0.069893111,94.1378198532,4,2765.123456789,0.2564564564,5.6789012345,269.987654321,0
419,15323.456789012,92.1456789012,3,1.6543210987,85.6789012345,19,2.8765432156,5.6789012345,0.0567890123,97.6543210987,7,3512.3456789,0.2456789012,8.9012345678,325.678901234,1
751,16245.678901234,88.7654321098,2,2.987654321,82.1456789012,16,3.4567890123,9.8765432156,0.0543210987,95.6789012345,6,3821.2345678,0.2456789012,9.8765432156,391.2345678,1
229,14567.890123456,91.2345678901,4,3.4567890123,84.5678901234,12,1.2345678901,7.6543210987,0.0654321098,93.987654321,8,2934.5678901,0.2564564564,6.5432156354,299.876543215,0
983,16345.678901234,96.5432156354,1,1.2345678901,91.2345678901,20,3.987654321,6.5432156354,0.0543210987,98.7654321098,3,3578.9012345,0.2456789012,10.876543215,419.890123456,0
617,15821.23456789,94.5678901234,2,2.987654321,88.7654321098,15,2.8765432156,8.7654321098,0.0567890123,96.5432156354,5,3217.890123456,0.2456789012,8.9012345678,351.23456789,1
419,14923.456789012,89.2345678901,3,2.4567890123,83.7654321098,18,2.8765432156,7.6543210987,0.0654321098,94.1378198532,9,2965.123456789,0.2564564564,7.6543210987,311.3471345774,1
751,15789.012345678,90.12345678901,1,1.2345678901,86.5432156354,14,2.8765432156,9.8765432156,0.0543210987,97.6543210987,7,3221.23456789,0.2456789012,9.8765432156,341.23456789,0
983,16923.456789012,95.6789012345,4,2.987654321,90.12345678901,16,2.8765432156,6.5432156354,0.0567890123,98.7654321098,4,3432.3456789,0.2456789012,10.876543215,399.890123456,1
229,15123.456789012,87.6543210987,2,2.4567890123,84.5678901234,12,1.2345678901,8.7654321098,0.0654321098,93.987654321,8,2921.23456789,0.2564564564,6.5432156354,299.876543215,0
617,16123.1754921975,93.987654321,3,2.987654321,87.6543210987,19,2.8765432156,7.6543210987,0.0567890123,96.5432156354,6,3378.9012345,0.2456789012,9.8765432156,381.8528528529,1
751,16345.678901234,92.1456789012,1,1.2345678901,89.2345678901,15,2.8765432156,9.8765432156,0.0543210987,97.6543210987,5,3245.123456789,0.2456789012,10.876543215,401.1953223167,0
193,18517.23456789,92.3456789012,4,2.5678901234,88.7654321098,20,3.4567890123,5.6789012345,0.0678901234,95.6789012345,3,3912.3456789,0.2564564564,7.6543210987,283.987654321,0
817,19123.456789012,94.5678901234,2,2.123456789012,92.3456789012,18,2.8765432156,8.7654321098,0.0567890123,99.2345678901,2,3734.5678901,0.2456789012,9.8765432156,375.6576576576,1
431,16789.012345678,90.123456789,5,2.8901234567,85.6789012345,17,2.4567890123,7.6543210987,0.0567890123,94.5678901234,1,3621.23456789,0.2564564564,8.7654321098,309.876543215,1
958,19745.678901234,96.5432156354,1,2.4567890123,95.6789012345,22,3.4567890123,9.8765432156,0.0543210987,98.7654321098,9,4128.9012345,0.2456789012,11.2345678901,421.1953223167,1
191,16123.456789012,88.7654321098,3,2.5678901234,83.987654321,14,2.4567890123,6.5432156354,0.0567890123,92.3456789012,7,3117.23456789,0.2564564564,6.5432156354,301.1953223167,0
669,15945.678901234,91.2345678901,2,2.8901234567,89.2345678901,21,3.4567890123,8.7654321098,0.0567890123,96.5432156354,6,3691.23456789,0.2456789012,9.8765432156,379.890123456,1
281,15345.678901234,86.5432156354,4,2.4567890123,84.5678901234,16,2.4567890123,7.6543210987,0.0567890123,93.987654321,5,3061.23456789,0.2564564564,7.6543210987,295.6576576576,0
819,19123.456789012,94.5678901234,1,2.123456789012,92.3456789012,20,3.4567890123,9.8765432156,0.0567890123,99.2345678901,1,3734.5678901,0.2456789012,9.8765432156,375.6576576576,1
517,16345.678901234,92.1456789012,3,2.5678901234,90.123456789,19,2.4567890123,8.7654321098,0.0567890123,96.5432156354,3,3581.23456789,0.2564564564,8.7654321098,391.8528528529,1
351,16789.012345678,90.123456789,2,2.8901234567,88.7654321098,18,2.4567890123,7.6543210987,0.0567890123,94.5678901234,2,3471.23456789,0.2456789012,8.7654321098,331.1953223167,1
713,17123.456789012,93.987654321,5,2.4567890123,91.2345678901,22,3.4567890123,9.8765432156,0.0567890123,97.6543210987,7,4028.9012345,0.2456789012,10.876543215,421.1953223167,1
281,15123.456789012,87.6543210987,1,2.5678901234,84.5678901234,15,2.4567890123,7.6543210987,0.0567890123,93.987654321,4,3121.23456789,0.2564564564,7.6543210987,301.1953223167,0
982,14567.890123456,89.0123456789,4,2.5678901234,92.1456789012,20,1.2345678901,6.5432156354,0.0567890123,95.6789012345,5,3721.23456789,0.2456789012,9.8765432156,361.1953223167,1
467,18345.678901234,91.2345678901,2,2.8901234567,89.0123456789,19,2.4567890123,8.7654321098,0.0567890123,96.5432156354,6,3621.23456789,0.2564564564,8.7654321098,391.8528528529,1
193,15789.012345678,88.7654321098,1,2.5678901234,86.5432156354,18,2.4567890123,7.6543210987,0.0567890123,94.5678901234,3,3321.23456789,0.2456789012,7.6543210987,301.1953223167,0
923,16923.456789012,95.6789012345,5,2.4567890123,94.5678901234,22,3.4567890123,9.8765432156,0.0567890123,98.7654321098,8,4128.9012345,0.2456789012,10.876543215,421.1953223167,1
671,16123.456789012,92.1456789012,3,2.5678901234,90.123456789,20,2.4567890123,8.7654321098,0.0567890123,96.5432156354,6,3821.23456789,0.2564564564,9.8765432156,361.1953223167,1
823,17567.890123456,94.5678901234,4,2.8901234567,93.987654321,23,3.4567890123,9.8765432156,0.0567890123,98.7654321098,9,4428.9012345,0.2456789012,11.876543215,451.1953223167,1
467,14923.456789012,89.0123456789,2,2.5678901234,88.7654321098,19,2.4567890123,7.6543210987,0.0567890123,96.5432156354,5,3521.23456789,0.2564564564,8.7654321098,331.1953223167,1
193,17345.678901234,91.2345678901,1,2.4567890123,90.123456789,18,2.4567890123,8.7654321098,0.0567890123,95.6789012345,4,3421.23456789,0.2456789012,7.6543210987,301.1953223167,0
923,17789.012345678,95.6789012345,5,2.8901234567,94.5678901234,22,3.4567890123,9.8765432156,0.0567890123,98.7654321098,10,4628.9012345,0.2456789012,11.876543215,451.1953223167,1
671,15923.456789012,92.1456789012,3,2.5678901234,90.123456789,20,2.4567890123,8.7654321098,0.0567890123,96.5432156354,7,3921.23456789,0.2564564564,9.8765432156,361.1953223167,1
823,16567.890123456,94.5678901234,4,2.8901234567,93.987654321,23,3.4567890123,9.8765432156,0.0567890123,98.7654321098,11,4828.9012345,0.2456789012,12.876543215,461.1953223167,1
467,15123.456789012,89.0123456789,2,2.5678901234,88.7654321098,19,2.4567890123,7.6543210987,0.0567890123,96.5432156354,6,3621.23456789,0.2564564564,8.7654321098,331.1953223167,1
101,5800.0,82.3456789012,1,0.5,62.123456789,4,0.2,2.3456789012,0.01,82.3456789012,0,1050.0,0.1,1.23456789,120.0,1
420,19500.0,98.7654321098,5,4.5678901234,97.6543210987,18,3.4567890123,8.7654321098,0.0567890123,99.8765432156,9,4728.9012345,0.3456789012,10.987654321,450.0,0
789,18200.0,95.6789012345,4,2.8901234567,95.123456789,22,2.4567890123,9.8765432156,0.0567890123,98.7654321098,8,4428.9012345,0.2564564564,9.8765432156,380.0,1
350,14500.0,92.1456789012,2,2.5678901234,92.3456789012,16,1.23456789,7.6543210987,0.01,96.5432156354,5,3721.23456789,0.3456789012,8.7654321098,310.0,0
890,16800.0,96.5432156354,5,2.8901234567,96.8765432156,24,3.4567890123,9.8765432156,0.0567890123,99.8765432156,10,4928.9012345,0.2564564564,11.876543215,420.0,1
120,5500.0,83.4567890123,1,0.5,63.4567890123,5,0.2,2.4567890123,0.01,83.4567890123,0,1100.0,0.1,1.23456789,130.0,0
560,18500.0,97.6543210987,5,4.5678901234,98.7654321098,19,3.4567890123,8.7654321098,0.0567890123,99.8765432156,10,4828.9012345,0.3456789012,10.987654321,460.0,1
740,17800.0,96.5432156354,4,2.8901234567,96.8765432156,23,2.4567890123,9.8765432156,0.0567890123,99.8765432156,9,4528.9012345,0.2564564564,9.8765432156,390.0,1
490,15200.0,90.123456789,3,2.5678901234,91.2345678901,17,2.4567890123,8.7654321098,0.01,97.6543210987,6,3721.23456789,0.3456789012,8.7654321098,330.0,0
820,16900.0,97.6543210987,5,4.5678901234,98.7654321098,22,3.4567890123,9.8765432156,0.0567890123,99.8765432156,11,4928.9012345,0.3456789012,10.987654321,470.0,1
230,5900.0,84.5678901234,2,0.5,64.5678901234,7,0.2,3.4567890123,0.01,84.5678901234,0,1200.0,0.1,1.23456789,140.0,0
580,18000.0,98.7654321098,5,4.5678901234,99.8765432156,20,3.4567890123,9.8765432156,0.0567890123,99.8765432156,10,4828.9012345,0.3456789012,10.987654321,490.0,1
670,16100.0,95.6789012345,4,2.8901234567,95.123456789,21,2.4567890123,9.8765432156,0.0567890123,98.7654321098,8,4428.9012345,0.2564564564,9.8765432156,400.0,1
173,14800.0,85.2345678901,2,1.2345678901,92.3456789012,16,0.5678901234,4.5678901234,0.02,95.123456789,1,3021.23456789,0.123456789,7.6543210987,290.0,0
910,16300.0,99.8765432156,4,3.4567890123,99.8765432156,18,1.2345678901,8.7654321098,0.0456789012,99.8765432156,9,4750.0,0.3456789012,9.8765432156,450.0,1
260,6000.0,81.2345678901,1,0.8,72.3456789012,8,0.1,2.5678901234,0.02,85.123456789,0,1300.0,0.0567890123,1.23456789,150.0,0
750,17500.0,96.5432156789,5,4.5678901234,98.7654321098,22,3.4567890123,10.987654321,0.0567890123,99.8765432156,12,5200.0,0.3456789012,10.987654321,480.0,1
410,15500.0,93.4567890123,3,2.8901234567,96.2345678901,19,2.4567890123,8.7654321098,0.0456789012,98.7654321098,7,4300.0,0.2564564564,9.8765432156,410.0,1
850,16500.0,98.7654321098,5,4.5678901234,99.8765432156,21,3.4567890123,10.987654321,0.0567890123,99.8765432156,11,5300.0,0.3456789012,10.987654321,490.0,1
290,5800.0,87.6543210987,2,1.2345678901,82.3456789012,9,0.2,3.4567890123,0.02,88.7654321098,1,1400.0,0.1,2.5678901234,180.0,0
720,17000.0,96.2345678901,4,3.4567890123,98.7654321098,20,2.4567890123,9.8765432156,0.0456789012,99.8765432156,10,4900.0,0.3456789012,10.987654321,460.0,1
350,14500.0,90.123456789,3,2.5678901234,92.3456789012,15,1.2345678901,5.6789012345,0.02,95.123456789,3,3200.0,0.123456789,6.7890123456,280.0,0
920,15800.0,97.6543210987,5,4.5678901234,99.8765432156,19,2.4567890123,9.8765432156,0.0456789012,99.8765432156,10,5100.0,0.3456789012,10.987654321,480.0,1
380,5500.0,86.2345678901,2,1.2345678901,78.9012345678,10,0.1,2.5678901234,0.02,86.2345678901,0,1500.0,0.0567890123,2.5678901234,160.0,0
680,16200.0,95.123456789,4,3.4567890123,96.2345678901,20,2.4567890123,9.8765432156,0.0456789012,98.7654321098,8,4600.0,0.2564564564,10.987654321,420.0,1
490,14700.0,89.0123456789,3,2.5678901234,91.2345678901,16,1.2345678901,5.6789012345,0.02,95.123456789,4,3200.0,0.123456789,7.6543210987,290.0,0
973,14600.0,91.2345678901,1,4.5678901234,99.8765432156,22,2.4567890123,7.6543210987,0.0456789012,98.7654321098,9,4800.0,0.3456789012,8.9012345678,400.0,1
240,18000.0,85.123456789,0,2.5678901234,92.3456789012,12,1.2345678901,3.4567890123,0.02,90.123456789,2,2200.0,0.2564564564,5.6789012345,200.0,0
910,14000.0,98.7654321098,5,3.4567890123,95.123456789,18,2.4567890123,8.9012345678,0.0456789012,99.8765432156,7,5200.0,0.3456789012,9.8765432156,450.0,1
670,16000.0,94.5678901234,3,2.5678901234,97.6543210987,21,1.2345678901,6.7890123456,0.02,97.6543210987,6,4800.0,0.2564564564,9.8765432156,410.0,0
580,15500.0,93.4567890123,2,4.5678901234,98.7654321098,17,2.4567890123,8.9012345678,0.0456789012,98.7654321098,8,5000.0,0.3456789012,10.987654321,420.0,1
420,14500.0,92.3456789012,4,3.4567890123,96.2345678901,14,1.2345678901,5.6789012345,0.02,95.123456789,3,3200.0,0.123456789,7.6543210987,280.0,0
840,17000.0,96.2345678901,5,2.5678901234,99.8765432156,23,2.4567890123,9.8765432156,0.0456789012,99.8765432156,9,5400.0,0.3456789012,10.987654321,460.0,1
730,16500.0,95.123456789,3,4.5678901234,98.7654321098,20,1.2345678901,7.6543210987,0.02,98.7654321098,7,5200.0,0.2564564564,9.8765432156,440.0,0
290,15000.0,90.123456789,2,3.4567890123,95.123456789,13,1.2345678901,4.5678901234,0.02,92.3456789012,2,2600.0,0.3456789012,6.7890123456,240.0,1
820,14800.0,97.6543210987,5,2.5678901234,98.7654321098,22,2.4567890123,8.9012345678,0.0456789012,98.7654321098,8,5200.0,0.3456789012,9.8765432156,430.0,1
480,15800.0,94.5678901234,4,4.5678901234,99.8765432156,15,1.2345678901,6.7890123456,0.02,97.6543210987,5,4400.0,0.2564564564,8.9012345678,380.0,1
940,16000.0,96.2345678901,5,3.4567890123,98.7654321098,24,2.4567890123,9.8765432156,0.0456789012,99.8765432156,10,5800.0,0.3456789012,10.987654321,480.0,1
590,15200.0,95.123456789,3,2.5678901234,97.6543210987,16,1.2345678901,7.6543210987,0.02,98.7654321098,6,4600.0,0.2564564564,9.8765432156,420.0,0
181,18200.0,86.7538461538,1,1.2345678901,90.123456789,12,0.987654321,3.4567890123,0.06,85.123456789,3,2700.0,0.3456789012,7.6543210987,250.0,0
750,17500.0,91.2345678901,4,3.4567890123,95.123456789,20,2.4567890123,7.6543210987,0.04,92.3456789012,7,5400.0,0.2564564564,9.8765432156,400.0,1
410,16800.0,93.4567890123,3,2.5678901234,96.2345678901,14,1.2345678901,5.123456789,0.02,94.5678901234,4,4000.0,0.3456789012,8.9012345678,350.0,0
920,18000.0,98.7654321098,5,4.5678901234,99.8765432156,23,2.4567890123,9.8765432156,0.0456789012,99.8765432156,9,6200.0,0.2564564564,11.2345678901,490.0,1
640,15400.0,92.3456789012,2,1.2345678901,94.5678901234,17,1.2345678901,6.7890123456,0.02,95.123456789,5,4800.0,0.3456789012,8.9012345678,410.0,0
820,17200.0,95.123456789,4,3.4567890123,97.6543210987,21,2.4567890123,8.9012345678,0.04,98.7654321098,8,5800.0,0.2564564564,10.987654321,440.0,1
480,15800.0,96.2345678901,3,2.5678901234,98.7654321098,15,1.2345678901,6.7890123456,0.02,97.6543210987,6,4600.0,0.3456789012,9.8765432156,380.0,0
940,18500.0,97.6543210987,5,4.5678901234,99.8765432156,24,2.4567890123,9.8765432156,0.0456789012,99.8765432156,10,6400.0,0.2564564564,12.3456789012,500.0,1
190,16000.0,89.0123456789,1,1.2345678901,92.3456789012,11,0.987654321,4.5678901234,0.06,90.123456789,2,2800.0,0.3456789012,7.6543210987,230.0,0
670,17000.0,93.4567890123,4,3.4567890123,96.2345678901,19,2.4567890123,7.6543210987,0.04,94.5678901234,6,5000.0,0.2564564564,9.8765432156,390.0,1
350,15500.0,91.2345678901,3,2.5678901234,95.123456789,13,1.2345678901,5.123456789,0.02,93.4567890123,4,3800.0,0.3456789012,8.9012345678,330.0,0
930,17800.0,98.7654321098,5,4.5678901234,99.8765432156,22,2.4567890123,9.8765432156,0.0456789012,99.8765432156,9,6300.0,0.2564564564,11.2345678901,490.0,1
490,16200.0,94.5678901234,4,3.4567890123,98.7654321098,16,1.2345678901,6.7890123456,0.02,97.6543210987,6,5000.0,0.3456789012,9.8765432156,420.0,0
810,18100.0,96.7890123456,2,2.123456789,94.5678901234,18,1.2345678901,6.8901234567,0.01,96.2345678901,5,5200.0,0.3456789012,8.9012345678,440.0,0
940,18500.0,99.8765432156,5,3.8901234567,99.123456789,20,2.4567890123,8.7654321098,0.045,99.8765432156,8,6200.0,0.2564564564,10.123456789,480.0,1
110,15200.0,90.123456789,1,1.2345678901,93.4567890123,10,0.987654321,4.5678901234,0.05,92.3456789012,3,3000.0,0.3456789012,6.7890123456,260.0,0
780,16800.0,95.123456789,3,2.4567890123,97.6543210987,17,1.2345678901,7.6543210987,0.03,97.123456789,7,5800.0,0.3456789012,9.8765432156,460.0,0
670,17300.0,97.6543210987,4,3.8901234567,98.7654321098,19,2.4567890123,8.7654321098,0.04,98.7654321098,6,5900.0,0.2564564564,10.4567890123,490.0,1
580,15800.0,94.5678901234,2,2.4567890123,96.2345678901,15,1.2345678901,6.8901234567,0.02,96.2345678901,5,5100.0,0.3456789012,8.9012345678,430.0,0
920,18000.0,98.7654321098,5,4.5678901234,99.8765432156,21,2.4567890123,9.8765432156,0.045,99.8765432156,9,6500.0,0.2564564564,11.2345678901,490.0,1
490,16100.0,95.123456789,3,2.8901234567,97.6543210987,16,1.2345678901,7.6543210987,0.03,97.6543210987,6,5500.0,0.3456789012,9.8765432156,440.0,0
810,16900.0,96.7890123456,2,2.4567890123,94.5678901234,18,1.2345678901,6.8901234567,0.01,96.2345678901,5,5200.0,0.3456789012,8.9012345678,460.0,0
700,16400.0,95.123456789,3,3.4567890123,97.6543210987,17,1.2345678901,7.6543210987,0.03,97.6543210987,7,5600.0,0.3456789012,9.8765432156,470.0,0
940,18400.0,99.8765432156,5,4.5678901234,99.8765432156,20,2.4567890123,8.7654321098,0.045,99.8765432156,8,6600.0,0.2564564564,10.4567890123,500.0,1
110,15100.0,90.123456789,1,1.2345678901,93.4567890123,10,0.987654321,4.5678901234,0.05,92.3456789012,3,3000.0,0.3456789012,6.7890123456,250.0,0
780,16700.0,95.123456789,3,2.4567890123,97.6543210987,17,1.2345678901,7.6543210987,0.03,97.6543210987,7,5800.0,0.3456789012,9.8765432156,460.0,0
823,17737.5,98.2345678901,1,2.8901234567,95.123456789,19,2.4567890123,8.7654321098,0.04,98.2345678901,6,5900.0,0.3456789012,9.0123456789,490.0,0
670,17000.0,94.5678901234,2,3.4567890123,96.7890123456,18,1.2345678901,6.8901234567,0.02,96.2345678901,4,5400.0,0.2564564564,8.9012345678,420.0,0
950,18200.0,98.7654321098,4,4.5678901234,98.7654321098,21,3.4567890123,9.8765432156,0.06,98.7654321098,9,6800.0,0.3456789012,11.2345678901,510.0,1
120,14800.0,92.3456789012,0,1.2345678901,94.5678901234,11,0.987654321,5.6789012345,0.04,94.5678901234,2,3100.0,0.3456789012,7.6543210987,240.0,0
790,16800.0,96.7890123456,2,2.4567890123,97.6543210987,19,1.2345678901,7.6543210987,0.03,97.6543210987,6,6000.0,0.3456789012,9.0123456789,490.0,0
630,16100.0,95.123456789,3,3.4567890123,96.7890123456,17,1.2345678901,6.8901234567,0.02,96.2345678901,5,5200.0,0.2564564564,8.9012345678,440.0,0
990,18500.0,99.8765432156,5,5.0,99.8765432156,22,4.5678901234,10.0,0.08,99.8765432156,10,7000.0,0.3456789012,12.3456789012,520.0,1
850,17300.0,97.6543210987,3,3.4567890123,98.7654321098,20,2.4567890123,8.7654321098,0.05,98.7654321098,8,6700.0,0.3456789012,10.4567890123,510.0,0
760,17100.0,97.6543210987,2,2.4567890123,98.7654321098,19,1.2345678901,8.7654321098,0.04,98.7654321098,7,6400.0,0.2564564564,9.8765432156,490.0,0
920,17900.0,98.7654321098,4,4.5678901234,99.8765432156,21,3.4567890123,9.8765432156,0.06,99.8765432156,9,6900.0,0.3456789012,11.2345678901,520.0,1
840,17200.0,98.7654321098,3,3.4567890123,99.8765432156,20,2.4567890123,9.8765432156,0.05,99.8765432156,8,6800.0,0.2564564564,10.4567890123,510.0,0
196,18212.5,81.9819819819,1,1.0212102121,63.6363636364,14,2.4747474747,9.0909090909,0.09,96.9696969697,2,3100.0,0.37037037037,5.2525252525,450.0,0
740,15950.0,95.9595959596,0,2.8282828283,95.9595959596,18,1.4141414141,7.07107107107,0.04,97.9797979798,5,4900.0,0.45454545455,8.1818181818,490.0,0
980,19675.0,92.9292929293,4,4.2424242424,92.9292929293,23,3.0303030303,8.4852812376,0.07,98.9898989899,6,5400.0,0.30303030303,9.0909090909,470.0,1
960,19125.0,98.9898989899,5,5.0505050505,98.9898989899,22,4.2424242424,10.101010101,0.08,99.9999999999,9,5800.0,0.21212121212,10.7575757576,490.0,1
940,18950.0,96.9696969697,3,3.6363636364,96.9696969697,21,2.8282828283,9.0909090909,0.06,99.9999999999,8,5500.0,0.27272727273,9.5454545455,460.0,0
820,18000.0,98.9898989899,2,2.7272727273,98.9898989899,20,2.1212121212,8.4852812376,0.05,99.9999999999,7,5200.0,0.30303030303,8.1818181818,450.0,0
600,15500.0,94.9494949495,1,2.1212121212,94.9494949495,17,1.4141414141,6.36363636364,0.03,97.9797979798,4,4800.0,0.21212121212,7.2727272727,420.0,0
920,18450.0,99.9999999999,4,4.2424242424,99.9999999999,22,3.0303030303,9.0909090909,0.07,99.9999999999,9,5200.0,0.45454545455,9.5454545455,480.0,1
700,15800.0,97.9797979798,0,2.7272727273,97.9797979798,19,1.4141414141,7.07107107107,0.04,98.9898989899,6,4900.0,0.30303030303,8.1818181818,440.0,0
860,17750.0,98.9898989899,3,3.6363636364,98.9898989899,21,2.8282828283,9.0909090909,0.06,99.9999999999,8,5400.0,0.45454545455,9.0909090909,460.0,1
780,16500.0,95.9595959596,2,2.1212121212,95.9595959596,20,1.4141414141,8.4852812376,0.05,98.9898989899,7,5000.0,0.27272727273,8.4852812376,450.0,0
940,18950.0,96.9696969697,3,3.6363636364,96.9696969697,22,2.8282828283,9.0909090909,0.06,99.9999999999,8,5300.0,0.21212121212,9.5454545455,460.0,1
980,19675.0,98.9898989899,4,4.2424242424,98.9898989899,23,3.0303030303,10.101010101,0.08,99.9999999999,9,5800.0,0.45454545455,10.7575757576,490.0,1
413,15121.5,89.0927272727,1,1.6363636364,89.0927272727,17,0.7071067812,3.1622776602,0.01,95.9595959596,5,4100.0,0.1212121212,5.6568542495,310.0,0
620,16335.0,92.9215915916,2,2.1212121212,92.9215915916,19,1.4141414141,5.6568542495,0.03,96.9696969697,6,4200.0,0.2121212121,6.2831853072,380.0,0
850,18150.0,95.9595959596,3,3.6363636364,95.9595959596,21,2.8282828283,7.0710710711,0.05,98.9898989899,7,4800.0,0.303030303,8.4852812376,440.0,1
630,15650.0,91.9191919192,1,1.8181818182,91.9191919192,18,1.4141414141,4.472135955,0.02,97.9797979798,5,4000.0,0.2727272727,7.0710710711,350.0,0
780,16875.0,94.9494949495,2,2.7272727273,94.9494949495,20,1.4141414141,6.3245553207,0.04,98.9898989899,6,4500.0,0.303030303,7.9393939394,420.0,0
820,17525.0,96.9696969697,3,3.6363636364,96.9696969697,22,2.8282828283,8.4852812376,0.06,99.9999999999,8,5000.0,0.4545454546,9.0909090909,470.0,1
940,18450.0,97.9797979798,4,4.2424242424,97.9797979798,23,3.0303030303,9.0909090909,0.08,99.9999999999,9,5500.0,0.303030303,10.101010101,490.0,1
860,15800.0,98.9898989899,1,2.7272727273,98.9898989899,19,1.4141414141,7.0710710711,0.04,99.9999999999,7,4300.0,0.4545454546,8.4852812376,420.0,0
720,15121.5,94.9494949495,2,2.1212121212,94.9494949495,18,1.4141414141,6.3245553207,0.03,97.9797979798,6,4100.0,0.2727272727,7.0710710711,380.0,0
920,16975.0,97.9797979798,3,3.6363636364,97.9797979798,21,2.8282828283,8.4852812376,0.05,99.9999999999,8,4800.0,0.2121212121,9.0909090909,460.0,1
980,18350.0,98.9898989899,4,4.2424242424,98.9898989899,24,3.0303030303,10.101010101,0.08,99.9999999999,9,5800.0,0.4545454546,10.7575757576,510.0,1
113,12107.0,89.9898989899,5,0.8,89.9898989899,8,0.0,3.1622776602,0.0,91.9191919192,5,1000.0,0.4545454546,5.6568542495,150.0,0
998,19318.0,99.9999999999,0,0.6,99.9999999999,22,1.4141414141,9.0909090909,0.01,99.9999999999,9,4500.0,0.4545454546,10.101010101,490.0,0
940,15525.0,95.9595959596,3,2.1212121212,95.9595959596,20,2.8282828283,7.0710710711,0.04,97.9797979798,7,4100.0,0.4545454546,8.4852812376,400.0,0
820,16750.0,98.9898989899,2,2.7272727273,98.9898989899,19,1.4141414141,8.4852812376,0.05,99.9999999999,8,4300.0,0.4545454546,9.0909090909,440.0,0
930,19230.0,97.9797979798,4,4.2424242424,97.9797979798,23,3.0303030303,10.101010101,0.08,99.9999999999,9,4900.0,0.4545454546,10.7575757576,480.0,1
118,13355.0,90.9090909091,5,0.8,90.9090909091,7,0.0,3.1622776602,0.0,92.9191929192,5,1100.0,0.4545454546,6.3245553207,160.0,0
750,17711.5,96.9696969697,1,1.8181818182,96.9696969697,16,1.4141414141,6.3245553207,0.03,98.9898989899,6,4000.0,0.4545454546,7.0710710711,420.0,0
980,19580.0,99.9999999999,0,0.6,99.9999999999,24,1.4141414141,10.101010101,0.01,99.9999999999,9,4700.0,0.4545454546,10.7575757576,500.0,0
860,15925.0,98.9898989899,2,2.1212121212,98.9898989899,19,1.4141414141,7.0710710711,0.04,99.9999999999,7,4200.0,0.4545454546,8.4852812376,410.0,0
820,15550.0,96.9696969697,3,2.7272727273,96.9696969697,18,2.8282828283,6.3245553207,0.05,98.9898989899,8,4000.0,0.4545454546,9.0909090909,440.0,1
940,17325.0,97.9797979798,4,3.6363636364,97.9797979798,22,2.8282828283,8.4852812376,0.06,99.9999999999,9,4500.0,0.4545454546,10.101010101,460.0,1
118,13855.0,92.9191929192,5,0.8,92.9191929192,6,0.0,3.1622776602,0.0,93.9393939394,5,1200.0,0.4545454546,6.3245553207,170.0,0
720,15150.0,94.9494949495,2,2.1212121212,94.9494949495,17,1.4141414141,6.3245553207,0.03,97.9797979798,6,4100.0,0.4545454546,7.0710710711,390.0,0
991,14825.0,99.9999999999,1,1.4141414141,99.9999999999,21,0.0,9.0909090909,0.08,98.9898989899,10,4800.0,0.4545454546,9.0909090909,380.0,0
842,16200.0,95.9595959596,2,2.7272727273,95.9595959596,20,2.8282828283,8.4852812376,0.07,97.9797979798,8,4200.0,0.4545454546,10.101010101,400.0,1
130,14550.0,93.9393939394,4,0.8,93.9393939394,9,0.0,4.2426406871,0.0,94.9494949495,6,1400.0,0.4545454546,7.0710710711,160.0,0
910,16875.0,96.9696969697,3,3.6363636364,96.9696969697,23,2.8282828283,9.0909090909,0.09,99.9999999999,9,4600.0,0.4545454546,11.1818181818,420.0,1
750,15400.0,94.9494949495,2,2.1212121212,94.9494949495,19,1.4141414141,7.0710710711,0.04,98.9898989899,7,4300.0,0.4545454546,8.4852812376,410.0,0
1010,14950.0,98.9898989899,1,1.4141414141,98.9898989899,22,0.0,10.101010101,0.1,99.9999999999,10,4900.0,0.4545454546,10.101010101,390.0,0
870,16125.0,95.9595959596,2,2.7272727273,95.9595959596,21,2.8282828283,8.4852812376,0.08,97.9797979798,9,4500.0,0.4545454546,9.0909090909,400.0,1
122,14100.0,92.9191929192,5,0.8,92.9191929192,8,0.0,3.1622776602,0.0,94.9494949495,5,1300.0,0.4545454546,6.3245553207,150.0,0
930,16550.0,97.9797979798,3,3.6363636364,97.9797979798,24,2.8282828283,9.0909090909,0.11,99.9999999999,10,4800.0,0.4545454546,11.1818181818,430.0,1
790,15250.0,95.9595959596,2,2.1212121212,95.9595959596,20,1.4141414141,7.0710710711,0.05,98.9898989899,8,4400.0,0.4545454546,8.4852812376,410.0,0
1030,15000.0,99.9999999999,1,1.4141414141,99.9999999999,23,0.0,10.101010101,0.12,99.9999999999,10,5000.0,0.4545454546,10.101010101,380.0,0
880,16025.0,96.9696969697,2,2.7272727273,96.9696969697,22,2.8282828283,8.4852812376,0.09,97.9797979798,9,4700.0,0.4545454546,9.0909090909,420.0,1
140,14350.0,93.9393939394,4,0.8,93.9393939394,10,0.0,4.2426406871,0.0,94.9494949495,6,1400.0,0.4545454546,7.0710710711,160.0,0
651,18200.0,98.9898989899,2,4.2426406871,98.9898989899,21,2.8282828283,7.0710710711,0.05,99.9999999999,9,3600.0,0.4545454546,8.4852812376,430.0,1
940,19150.0,99.9999999999,1,3.6363636364,99.9999999999,24,0.0,9.0909090909,0.0,99.9999999999,10,4900.0,0.4545454546,10.101010101,460.0,1
780,15650.0,97.9797979798,3,2.1212121212,97.9797979798,20,1.4141414141,6.6266266266,0.08,99.9999999999,8,4500.0,0.4545454546,8.4852812376,400.0,0
1010,18100.0,98.9898989899,2,1.4141414141,98.9898989899,23,0.0,8.4852812376,0.0,99.9999999999,10,5200.0,0.4545454546,10.101010101,450.0,0
850,15875.0,96.9696969697,1,2.7272727273,96.9696969697,22,2.8282828283,7.0710710711,0.0,99.9999999999,9,4600.0,0.4545454546,9.0909090909,420.0,1
130,14900.0,94.9494949495,4,0.5,94.9494949495,11,0.0,4.2426406871,0.0,95.9595959596,7,1300.0,0.4545454546,6.6266266266,140.0,0
620,17350.0,99.9999999999,3,4.2426406871,99.9999999999,21,2.8282828283,9.0909090909,0.0,99.9999999999,10,3800.0,0.4545454546,8.4852812376,410.0,1
720,18400.0,98.9898989899,2,3.6363636364,98.9898989899,20,0.0,7.0710710711,0.0,99.9999999999,9,4200.0,0.4545454546,9.0909090909,430.0,1
940,15150.0,97.9797979798,1,2.1212121212,97.9797979798,24,1.4141414141,6.6266266266,0.0,99.9999999999,10,4600.0,0.4545454546,8.4852812376,410.0,0
1010,17950.0,99.9999999999,2,1.4141414141,99.9999999999,23,0.0,8.4852812376,0.0,99.9999999999,10,5000.0,0.4545454546,10.101010101,450.0,0
820,15375.0,96.9696969697,3,2.7272727273,96.9696969697,22,2.8282828283,7.0710710711,0.0,99.9999999999,9,4300.0,0.4545454546,9.0909090909,420.0,1
983,16523.5,99.9999999999,2,2.1212121212,99.9999999999,21,1.4141414141,8.4852812376,0.0,99.9999999999,9,4500.0,0.4545454546,9.0909090909,430.0,0
870,15400.0,98.9898989899,3,2.7272727273,98.9898989899,22,2.8282828283,6.6266266266,0.0,99.9999999999,8,3800.0,0.4545454546,8.4852812376,410.0,1
950,16250.0,97.9797979798,1,1.4141414141,97.9797979798,24,0.0,7.0710710711,0.0,99.9999999999,10,4200.0,0.4545454546,10.101010101,450.0,0
1110,17150.0,99.9999999999,4,3.6363636364,99.9999999999,23,0.0,9.0909090909,0.0,99.9999999999,10,4600.0,0.4545454546,8.4852812376,430.0,1
940,15675.0,96.9696969697,2,2.1212121212,96.9696969697,21,1.4141414141,8.4852812376,0.0,99.9999999999,9,4900.0,0.4545454546,9.0909090909,420.0,0
760,14850.0,98.9898989899,1,3.6363636364,98.9898989899,20,0.0,7.0710710711,0.0,99.9999999999,10,4100.0,0.4545454546,10.101010101,440.0,1
1010,15750.0,97.9797979798,3,2.7272727273,97.9797979798,24,2.8282828283,9.0909090909,0.0,99.9999999999,9,4400.0,0.4545454546,8.4852812376,430.0,0
830,14975.0,99.9999999999,2,2.1212121212,99.9999999999,22,0.0,6.6266266266,0.0,99.9999999999,8,3900.0,0.4545454546,9.0909090909,410.0,1
1090,16150.0,98.9898989899,1,3.6363636364,98.9898989899,23,0.0,8.4852812376,0.0,99.9999999999,10,4200.0,0.4545454546,10.101010101,450.0,0
920,15250.0,97.9797979798,4,2.7272727273,97.9797979798,21,2.8282828283,7.0710710711,0.0,99.9999999999,9,4800.0,0.4545454546,8.4852812376,420.0,1
840,15575.0,99.9999999999,2,2.1212121212,99.9999999999,24,0.0,8.4852812376,0.0,99.9999999999,8,4500.0,0.4545454546,9.0909090909,430.0,0
1020,15600.0,98.9898989899,2,3.6363636364,98.9898989899,22,1.4142135624,8.4852812376,0.0,99.9999999999,10,4200.0,0.4545454546,10.101010101,450.0,1
940,15300.0,97.9797979798,4,2.7272727273,97.9797979798,21,2.8282828283,7.0710710711,0.0,99.9999999999,9,4800.0,0.4545454546,8.4852812376,420.0,0
860,15050.0,99.9999999999,2,2.1212121212,99.9999999999,24,0.0,6.6266266266,0.0,99.9999999999,8,4100.0,0.4545454546,9.0909090909,410.0,1
1080,15850.0,98.9898989899,1,3.6363636364,98.9898989899,23,0.0,8.4852812376,0.0,99.9999999999,10,4300.0,0.4545454546,10.101010101,460.0,0
1000,15100.0,97.9797979798,3,2.7272727273,97.9797979798,22,2.8282828283,7.0710710711,0.0,99.9999999999,9,4600.0,0.4545454546,8.4852812376,440.0,1
920,15450.0,99.9999999999,2,2.1212121212,99.9999999999,24,0.0,8.4852812376,0.0,99.9999999999,8,4300.0,0.4545454546,9.0909090909,440.0,0
980,15700.0,98.9898989899,1,3.6363636364,98.9898989899,23,0.0,8.4852812376,0.0,99.9999999999,10,4100.0,0.4545454546,10.101010101,460.0,1
1100,15950.0,99.9999999999,2,2.1212121212,99.9999999999,24,0.0,8.4852812376,0.0,99.9999999999,8,4400.0,0.4545454546,9.0909090909,440.0,0
1180,16100.0,98.9898989899,3,3.6363636364,98.9898989899,23,2.8282828283,8.4852812376,0.0,99.9999999999,10,4300.0,0.4545454546,10.101010101,460.0,1
1060,15800.0,99.9999999999,1,2.1212121212,99.9999999999,24,0.0,8.4852812376,0.0,99.9999999999,8,4100.0,0.4545454546,9.0909090909,440.0,0
1020,15500.0,98.9898989899,2,3.6363636364,98.9898989899,22,1.4142135624,8.4852812376,0.0,99.9999999999,10,4200.0,0.4545454546,10.101010101,460.0,1
940,15350.0,97.9797979798,4,2.7272727273,97.9797979798,21,2.8282828283,7.0710710711,0.0,99.9999999999,9,4800.0,0.4545454546,8.4852812376,440.0,0
920,15200.0,99.9999999999,2,2.1212121212,99.9999999999,24,0.0,8.4852812376,0.0,99.9999999999,8,4100.0,0.4545454546,9.0909090909,410.0,1
982,18100.0,99.9999999999,3,2.2727272727,99.9999999999,22,1.4142135624,7.0710710711,0.0,99.9999999999,9,4600.0,0.4545454546,8.4852812376,450.0,0
1050,16800.0,98.9898989899,2,3.6363636364,98.9898989899,23,2.8282828283,8.4852812376,0.0,99.9999999999,10,4300.0,0.4545454546,10.101010101,460.0,1
1090,17400.0,97.9797979798,1,2.1212121212,97.9797979798,24,0.0,9.0909090909,0.0,99.9999999999,8,4200.0,0.4545454546,9.0909090909,440.0,0
950,17050.0,99.9999999999,4,3.6363636364,99.9999999999,21,2.8282828283,8.4852812376,0.0,99.9999999999,10,4800.0,0.4545454546,10.101010101,460.0,1
1030,17100.0,98.9898989899,3,2.7272727273,98.9898989899,22,1.4142135624,7.0710710711,0.0,99.9999999999,9,4600.0,0.4545454546,8.4852812376,450.0,0
1180,17800.0,97.9797979798,2,3.6363636364,97.9797979798,23,2.8282828283,9.0909090909,0.0,99.9999999999,10,4300.0,0.4545454546,10.101010101,440.0,1
960,16950.0,99.9999999999,1,2.1212121212,99.9999999999,24,0.0,8.4852812376,0.0,99.9999999999,8,4100.0,0.4545454546,9.0909090909,410.0,0
1100,17200.0,98.9898989899,4,3.6363636364,98.9898989899,21,2.8282828283,7.0710710711,0.0,99.9999999999,10,4600.0,0.4545454546,10.101010101,460.0,1
1010,16600.0,97.9797979798,3,2.7272727273,97.9797979798,22,1.4142135624,9.0909090909,0.0,99.9999999999,9,4200.0,0.4545454546,8.4852812376,450.0,0
1080,17500.0,99.9999999999,2,3.6363636364,99.9999999999,23,2.8282828283,8.4852812376,0.0,99.9999999999,10,4300.0,0.4545454546,10.101010101,460.0,1
980,16800.0,98.9898989899,1,2.1212121212,98.9898989899,24,0.0,7.0710710711,0.0,99.9999999999,8,4100.0,0.4545454546,9.0909090909,440.0,0
822,18473.0,98.9898989899,5,2.7272727273,98.9898989899,19,1.4142135624,9.0909090909,0.0,99.9999999999,9,3900.0,0.4545454546,8.4852812376,380.0,0
910,18200.0,99.9999999999,2,3.6363636364,99.9999999999,22,2.8282828283,8.4852812376,0.0,99.9999999999,10,4400.0,0.4545454546,10.101010101,410.0,1
940,18850.0,97.9797979798,4,2.1212121212,97.9797979798,20,0.0,9.0909090909,0.0,99.9999999999,8,4200.0,0.4545454546,8.4852812376,380.0,0
1030,19000.0,99.9999999999,1,4.5454545455,99.9999999999,21,2.8282828283,7.0710710711,0.0,99.9999999999,9,4500.0,0.4545454546,9.0909090909,440.0,1
1090,19150.0,98.9898989899,3,3.6363636364,98.9898989899,24,1.4142135624,9.0909090909,0.0,99.9999999999,10,4100.0,0.4545454546,8.4852812376,410.0,0
1180,19300.0,99.9999999999,5,4.5454545455,99.9999999999,22,2.8282828283,7.0710710711,0.0,99.9999999999,9,4300.0,0.4545454546,9.0909090909,450.0,1
980,19600.0,98.9898989899,2,2.7272727273,98.9898989899,23,0.0,9.0909090909,0.0,99.9999999999,8,4200.0,0.4545454546,8.4852812376,410.0,0
910,19450.0,99.9999999999,4,3.6363636364,99.9999999999,19,2.8282828283,7.0710710711,0.0,99.9999999999,9,4400.0,0.4545454546,10.101010101,450.0,1
1010,19200.0,97.9797979798,3,2.1212121212,97.9797979798,20,0.0,8.4852812376,0.0,99.9999999999,8,4100.0,0.4545454546,8.4852812376,410.0,0
990,19700.0,98.9898989899,1,3.6363636364,98.9898989899,21,1.4142135624,9.0909090909,0.0,99.9999999999,10,4300.0,0.4545454546,9.0909090909,380.0,1
1120,19900.0,99.9999999999,2,4.5454545455,99.9999999999,22,2.8282828283,7.0710710711,0.0,99.9999999999,9,4500.0,0.4545454546,10.101010101,440.0,1
980,19500.0,98.9898989899,5,2.7272727273,98.9898989899,20,0.0,8.4852812376,0.0,99.9999999999,8,4200.0,0.4545454546,8.4852812376,450.0,0
1190,20100.0,99.9999999999,3,3.6363636364,99.9999999999,24,2.8282828283,9.0909090909,0.0,99.9999999999,9,4400.0,0.4545454546,9.0909090909,380.0,1
957,14850.0,92.5925925926,2,1.8181818182,92.5925925926,19,0.0,3.4641016151,0.0,99.9999999999,7,3000.0,0.4545454546,5.6568542495,230.0,0
1030,18200.0,96.9696969697,4,2.1212121212,96.9696969697,21,0.0,8.4852812376,0.0,99.9999999999,9,3200.0,0.4545454546,7.0710710711,290.0,0
1140,18900.0,95.9595959596,1,4.2424242424,95.9595959596,23,0.0,5.6568542495,0.0,99.9999999999,10,3500.0,0.4545454546,8.4852812376,250.0,1
940,17300.0,94.9494949495,3,2.7272727273,94.9494949495,20,0.0,7.0710710711,0.0,99.9999999999,8,3300.0,0.4545454546,6.3245553207,270.0,0
1220,19500.0,99.9999999999,2,2.1212121212,99.9999999999,24,0.0,9.0909090909,0.0,99.9999999999,8,3600.0,0.4545454546,9.0909090909,310.0,0
1060,18600.0,97.9797979798,4,3.6363636364,97.9797979798,22,0.0,6.3245553207,0.0,99.9999999999,9,3800.0,0.4545454546,8.4852812376,300.0,1
1180,19100.0,98.9898989899,1,4.2424242424,98.9898989899,23,0.0,7.0710710711,0.0,99.9999999999,10,3900.0,0.4545454546,9.0909090909,280.0,1
1020,18400.0,96.9696969697,3,1.8181818182,96.9696969697,21,0.0,8.4852812376,0.0,99.9999999999,8,3400.0,0.4545454546,7.0710710711,320.0,0
1130,18800.0,97.9797979798,2,3.6363636364,97.9797979798,22,0.0,9.0909090909,0.0,99.9999999999,9,3700.0,0.4545454546,8.4852812376,330.0,1
980,17700.0,95.9595959596,4,2.1212121212,95.9595959596,20,0.0,6.3245553207,0.0,99.9999999999,7,3200.0,0.4545454546,6.3245553207,290.0,0
1230,19300.0,98.9898989899,1,4.5454545455,98.9898989899,24,0.0,8.4852812376,0.0,99.9999999999,10,4000.0,0.4545454546,9.0909090909,340.0,1
960,14800.0,96.4564564565,2,2.2727272727,96.4564564565,19,0.0,5.6568542495,0.0,99.9999999999,6,2900.0,0.4545454546,5.6568542495,270.0,0
1010,18100.0,97.7977977978,1,3.0303030303,97.7977977978,20,0.0,6.3245553207,0.0,99.9999999999,7,3100.0,0.4545454546,6.3245553207,300.0,1
1050,15600.0,95.9595959596,4,1.8181818182,95.9595959596,21,0.0,7.0710710711,0.0,99.9999999999,8,3300.0,0.4545454546,7.0710710711,250.0,0
1100,16300.0,98.9898989899,3,4.2424242424,98.9898989899,22,0.0,8.4852812376,0.0,99.9999999999,9,3500.0,0.4545454546,8.4852812376,320.0,1
1150,15000.0,96.9696969697,2,2.1212121212,96.9696969697,23,0.0,9.0909090909,0.0,99.9999999999,10,3600.0,0.4545454546,9.0909090909,310.0,0
1200,18500.0,99.9999999999,1,4.5454545455,99.9999999999,24,0.0,10.0,0.0,99.9999999999,11,3800.0,0.4545454546,10.0,350.0,1
980,16200.0,97.9797979798,4,3.6363636364,97.9797979798,19,0.0,8.4852812376,0.0,99.9999999999,7,3200.0,0.4545454546,8.4852812376,290.0,0
1030,16900.0,98.9898989899,2,2.7272727273,98.9898989899,20,0.0,9.0909090909,0.0,99.9999999999,8,3400.0,0.4545454546,9.0909090909,300.0,1
1070,15700.0,96.9696969697,3,1.9898989899,96.9696969697,21,0.0,7.0710710711,0.0,99.9999999999,9,3500.0,0.4545454546,7.0710710711,280.0,0
1120,17300.0,97.7977977978,1,4.2424242424,97.7977977978,22,0.0,8.4852812376,0.0,99.9999999999,10,3700.0,0.4545454546,8.4852812376,330.0,1
1170,16400.0,99.9999999999,4,2.1212121212,99.9999999999,23,0.0,9.0909090909,0.0,99.9999999999,11,3900.0,0.4545454546,9.0909090909,340.0,0
1145,18500.0,96.5428965429,2,3.1313131313,96.5428965429,18,0.0,8.4852812376,0.0,99.9999999999,5,2700.0,0.4545454546,8.4852812376,310.0,0
1200,18800.0,98.9898989899,3,1.9898989899,98.9898989899,19,0.0,9.0909090909,0.0,99.9999999999,6,2900.0,0.4545454546,9.0909090909,320.0,0
1250,16000.0,97.7977977978,1,4.2424242424,97.7977977978,20,0.0,8.4852812376,0.0,99.9999999999,7,3100.0,0.4545454546,8.4852812376,350.0,1
1300,18100.0,99.9999999999,4,2.1212121212,99.9999999999,21,0.0,9.0909090909,0.0,99.9999999999,8,3300.0,0.4545454546,9.0909090909,380.0,0
1350,16600.0,96.9696969697,2,3.6363636364,96.9696969697,22,0.0,8.4852812376,0.0,99.9999999999,9,3500.0,0.4545454546,8.4852812376,390.0,1
1400,18400.0,98.9898989899,3,1.9898989899,98.9898989899,23,0.0,9.0909090909,0.0,99.9999999999,10,3700.0,0.4545454546,9.0909090909,420.0,0
1450,15800.0,97.7977977978,1,4.2424242424,97.7977977978,24,0.0,8.4852812376,0.0,99.9999999999,11,3900.0,0.4545454546,8.4852812376,450.0,1
1500,17900.0,99.9999999999,4,2.1212121212,99.9999999999,0,0.0,9.0909090909,0.0,99.9999999999,12,4100.0,0.4545454546,9.0909090909,480.0,0
1550,16300.0,96.9696969697,2,3.6363636364,96.9696969697,1,0.0,8.4852812376,0.0,99.9999999999,13,4300.0,0.4545454546,8.4852812376,510.0,1
1600,18600.0,98.9898989899,3,1.9898989899,98.9898989899,2,0.0,9.0909090909,0.0,99.9999999999,14,4500.0,0.4545454546,9.0909090909,540.0,0
1650,15900.0,97.7977977978,1,4.2424242424,97.7977977978,3,0.0,8.4852812376,0.0,99.9999999999,15,4700.0,0.4545454546,8.4852812376,570.0,1
1700,18000.0,99.9999999999,4,2.1212121212,99.9999999999,4,0.0,9.0909090909,0.0,99.9999999999,16,4900.0,0.4545454546,9.0909090909,600.0,0
1750,16400.0,96.9696969697,2,3.6363636364,96.9696969697,5,0.0,8.4852812376,0.0,99.9999999999,17,5100.0,0.4545454546,8.4852812376,630.0,1
967,13500.0,92.3141592654,4,1.41421356237,92.3141592654,12,0.0,6.12310562562,0.0,99.9999999999,10,4200.0,0.4545454546,6.12310562562,480.0,0
810,11800.0,98.7654320978,3,2.82842712474,98.7654320978,11,0.0,7.0710678119,0.0,99.9999999999,11,3800.0,0.4545454546,7.0710678119,440.0,0
840,14400.0,95.2380952381,1,3.16227766017,95.2380952381,13,0.0,6.12310562562,0.0,99.9999999999,12,4100.0,0.4545454546,6.12310562562,500.0,1
790,15700.0,97.619047619,2,1.73205080757,97.619047619,10,0.0,7.0710678119,0.0,99.9999999999,9,3900.0,0.4545454546,7.0710678119,470.0,0
930,12800.0,94.7368421053,4,2.82842712474,94.7368421053,14,0.0,6.12310562562,0.0,99.9999999999,13,4400.0,0.4545454546,6.12310562562,420.0,1
850,15200.0,96.1538461538,3,3.16227766017,96.1538461538,12,0.0,7.0710678119,0.0,99.9999999999,14,4200.0,0.4545454546,7.0710678119,490.0,0
920,14100.0,99.9999999999,2,1.41421356237,99.9999999999,15,0.0,6.12310562562,0.0,99.9999999999,15,4600.0,0.4545454546,6.12310562562,460.0,0
870,14800.0,95.2380952381,1,3.16227766017,95.2380952381,13,0.0,7.0710678119,0.0,99.9999999999,10,4000.0,0.4545454546,7.0710678119,450.0,1
890,13100.0,98.7654320978,4,2.82842712474,98.7654320978,16,0.0,6.12310562562,0.0,99.9999999999,16,4500.0,0.4545454546,6.12310562562,480.0,0
810,15400.0,97.619047619,3,1.73205080757,97.619047619,11,0.0,7.0710678119,0.0,99.9999999999,12,4300.0,0.4545454546,7.0710678119,510.0,0
930,14000.0,94.7368421053,2,3.16227766017,94.7368421053,14,0.0,6.12310562562,0.0,99.9999999999,11,4100.0,0.4545454546,6.12310562562,400.0,1
950,12900.0,96.1538461538,4,2.82842712474,96.1538461538,15,0.0,7.0710678119,0.0,99.9999999999,14,4400.0,0.4545454546,7.0710678119,420.0,0
621,16200.0,93.4693877551,2,4.47213595498,93.4693877551,12,0.0,6.7082039325,0.0,99.9999999999,9,3800.0,0.4545454546,6.7082039325,380.0,1
980,15300.0,98.3050847455,3,2.2360679775,98.3050847455,18,0.0,8.485281237,0.0,99.9999999999,17,4600.0,0.4545454546,8.485281237,440.0,1
720,16600.0,96.5517241379,1,1.41421356237,96.5517241379,10,0.0,8.485281237,0.0,99.9999999999,10,4200.0,0.4545454546,8.485281237,450.0,0
850,14500.0,97.619047619,4,2.8284271247,97.619047619,13,0.0,6.7082039325,0.0,99.9999999999,15,4000.0,0.4545454546,6.7082039325,410.0,1
690,15100.0,95.2380952381,2,3.1622776602,95.2380952381,15,0.0,7.0710678119,0.0,99.9999999999,8,4300.0,0.4545454546,7.0710678119,390.0,0
910,15800.0,98.7654320978,3,2.2360679775,98.7654320978,17,0.0,7.0710678119,0.0,99.9999999999,19,4800.0,0.4545454546,7.0710678119,430.0,1
830,14900.0,96.5517241379,1,1.41421356237,96.5517241379,14,0.0,8.485281237,0.0,99.9999999999,13,4100.0,0.4545454546,8.485281237,420.0,0
660,16400.0,95.2380952381,4,3.1622776602,95.2380952381,12,0.0,6.7082039325,0.0,99.9999999999,7,3900.0,0.4545454546,6.7082039325,380.0,1
940,14200.0,98.3050847455,2,2.2360679775,98.3050847455,16,0.0,8.485281237,0.0,99.9999999999,18,4700.0,0.4545454546,8.485281237,410.0,1
780,15500.0,97.619047619,3,2.8284271247,97.619047619,13,0.0,7.0710678119,0.0,99.9999999999,14,4200.0,0.4545454546,7.0710678119,420.0,0
920,16100.0,96.5517241379,1,1.41421356237,96.5517241379,15,0.0,8.485281237,0.0,99.9999999999,12,4500.0,0.4545454546,8.485281237,400.0,1
950,16800.0,97.619047619,2,2.8284271247,97.619047619,18,0.0,7.0710678119,0.0,99.9999999999,11,4800.0,0.4545454546,7.0710678119,440.0,0
670,17700.0,95.2380952381,4,3.1622776602,95.2380952381,10,0.0,6.7082039325,0.0,99.9999999999,9,3600.0,0.4545454546,6.7082039325,360.0,1
1030,14500.0,98.3050847455,2,2.2360679775,98.3050847455,19,0.0,8.485281237,0.0,99.9999999999,15,5100.0,0.4545454546,8.485281237,450.0,1
830,15200.0,96.5517241379,1,1.4142135624,96.5517241379,14,0.0,8.485281237,0.0,99.9999999999,10,4300.0,0.4545454546,8.485281237,420.0,0
990,17000.0,99.9999999999,3,2.8284271247,99.9999999999,17,0.0,7.0710678119,0.0,99.9999999999,12,5200.0,0.4545454546,7.0710678119,460.0,1
720,16300.0,94.7368421053,4,3.1622776602,94.7368421053,11,0.0,6.7082039325,0.0,99.9999999999,8,3800.0,0.4545454546,6.7082039325,380.0,1
1060,15800.0,99.9999999999,2,2.2360679775,99.9999999999,20,0.0,8.485281237,0.0,99.9999999999,16,5500.0,0.4545454546,8.485281237,480.0,1
900,14800.0,97.619047619,3,2.8284271247,97.619047619,15,0.0,7.0710678119,0.0,99.9999999999,13,4800.0,0.4545454546,7.0710678119,440.0,0
760,16900.0,95.2380952381,4,3.1622776602,95.2380952381,12,0.0,6.7082039325,0.0,99.9999999999,10,4100.0,0.4545454546,6.7082039325,400.0,1
1080,15100.0,98.3050847455,2,2.2360679775,98.3050847455,21,0.0,8.485281237,0.0,99.9999999999,14,5400.0,0.4545454546,8.485281237,460.0,1
880,15400.0,96.5517241379,1,1.4142135624,96.5517241379,16,0.0,8.485281237,0.0,99.9999999999,12,4900.0,0.4545454546,8.485281237,430.0,0
987,16500.0,98.485281237,3,3.1622776602,98.485281237,19,0.0,9.8485291237,0.0,99.9999999999,15,5200.0,0.4545454546,9.8485291237,450.0,1
940,16100.0,96.5517241379,2,2.8284271247,96.5517241379,17,0.0,8.485281237,0.0,99.9999999999,11,4700.0,0.4545454546,8.485281237,420.0,0
920,15700.0,99.9999999999,4,2.2360679775,99.9999999999,14,0.0,7.0710678119,0.0,99.9999999999,9,4500.0,0.4545454546,7.0710678119,390.0,1
1050,15900.0,97.619047619,1,2.8284271247,97.619047619,18,0.0,8.485281237,0.0,99.9999999999,13,5000.0,0.4545454546,8.485281237,410.0,0
860,16200.0,95.2380952381,3,3.1622776602,95.2380952381,13,0.0,6.7082039325,0.0,99.9999999999,8,4200.0,0.4545454546,6.7082039325,380.0,1
1010,16000.0,98.3050847455,2,2.2360679775,98.3050847455,20,0.0,9.8485291237,0.0,99.9999999999,14,5300.0,0.4545454546,9.8485291237,440.0,1
930,15600.0,96.5517241379,1,1.4142135624,96.5517241379,15,0.0,8.485281237,0.0,99.9999999999,10,4600.0,0.4545454546,8.485281237,410.0,0
1180,16800.0,99.9999999999,4,2.2360679775,99.9999999999,22,0.0,10.0,0.0,99.9999999999,17,5800.0,0.4545454546,10.0,480.0,1
980,15500.0,98.3050847455,3,2.8284271247,98.3050847455,19,0.0,9.8485291237,0.0,99.9999999999,16,5100.0,0.4545454546,9.8485291237,450.0,1
810,16300.0,95.2380952381,2,3.1622776602,95.2380952381,11,0.0,6.7082039325,0.0,99.9999999999,6,4000.0,0.4545454546,6.7082039325,360.0,1
920,15800.0,99.9999999999,1,2.2360679775,99.9999999999,14,0.0,7.0710678119,0.0,99.9999999999,8,4300.0,0.4545454546,7.0710678119,390.0,0
142,11800.0,98.7,2,0.8,98.7,7,0.2,5.0,2.0,98.5,7,1200.0,0.3,5.0,220.0,0
753,15300.0,95.0,4,1.2,95.0,12,1.0,8.5,4.0,99.0,10,2500.0,0.2,8.5,310.0,1
988,16400.0,99.0,3,2.5,99.0,20,0.0,9.5,1.0,99.5,14,3600.0,0.3,9.5,400.0,1
111,12100.0,96.0,2,0.9,96.0,8,0.1,4.5,3.0,97.5,6,1300.0,0.2,4.5,240.0,0
983,15900.0,97.3,4,1.7,97.3,16,0.5,7.3,5.0,99.0,12,2900.0,0.2,7.3,330.0,1
937,15100.0,98.9,1,1.1,98.9,10,0.0,6.0,2.0,99.0,9,2300.0,0.3,6.0,280.0,0
117,11900.0,94.9,2,1.0,94.9,9,0.1,3.5,4.0,98.0,8,1400.0,0.2,3.5,260.0,0
109,12500.0,97.0,3,1.5,97.0,6,0.5,5.5,3.0,98.5,5,1500.0,0.2,5.5,290.0,0
911,16100.0,98.2,2,1.8,98.2,14,0.0,6.8,1.0,99.5,11,2700.0,0.3,6.8,350.0,1
124,11800.0,96.8,4,1.2,96.8,8,0.2,4.8,2.0,98.5,7,1200.0,0.2,4.8,250.0,0
111,12300.0,97.8,1,1.1,97.8,7,0.1,3.8,3.0,98.5,6,1300.0,0.2,3.8,270.0,0
109,12600.0,97.6,3,1.5,97.6,6,0.5,5.6,3.0,98.5,5,1500.0,0.2,5.6,300.0,0
107,12200.0,96.2,2,1.0,96.2,9,0.1,4.2,4.0,98.5,8,1400.0,0.2,4.2,280.0,0
105,12400.0,97.4,4,1.2,97.4,5,0.2,4.4,2.0,98.5,6,1400.0,0.2,4.4,290.0,0
107,12900.0,98.0,1,1.1,98.0,8,0.1,3.0,3.0,98.5,7,1600.0,0.2,3.0,300.0,0
106,12800.0,97.2,3,1.5,97.2,6,0.5,5.2,3.0,98.5,5,1700.0,0.2,5.2,310.0,0
919,14340.5,92.1,2,2.8,92.1,10,0.8,7.1,6.0,99.0,9,3200.0,0.4,8.1,410.0,0
923,14520.8,91.5,4,3.2,91.5,12,1.0,8.5,8.0,99.0,10,3500.0,0.3,9.5,420.0,0
927,14701.2,93.9,1,2.5,93.9,11,0.4,9.3,7.0,99.0,8,3800.0,0.4,9.3,430.0,0
931,14881.5,94.7,3,3.1,94.7,9,0.7,8.7,5.0,99.0,9,4000.0,0.3,8.7,440.0,0
935,15061.9,95.5,5,2.9,95.5,13,1.2,9.9,9.0,99.0,11,4300.0,0.2,10.9,450.0,0
939,15242.3,96.3,2,2.7,96.3,14,0.9,10.1,8.0,99.0,10,4600.0,0.2,10.1,460.0,0
943,15422.6,97.1,4,3.0,97.1,15,1.3,10.3,9.0,99.0,12,4900.0,0.1,11.3,470.0,0
947,15602.9,98.0,1,2.4,98.0,16,0.6,10.5,6.0,99.0,11,5200.0,0.1,11.5,480.0,0
951,15783.3,98.8,3,2.8,98.8,17,1.5,10.7,8.0,99.0,13,5500.0,0.1,12.7,490.0,0
955,15963.6,99.6,2,2.6,99.6,18,1.0,11.0,7.0,99.0,14,5800.0,0.0,12.0,500.0,0
959,16143.9,100.0,5,2.9,100.0,19,1.8,11.3,9.0,99.0,15,6100.0,0.0,13.3,510.0,0
963,16324.2,99.4,1,2.5,99.4,20,1.2,11.5,8.0,99.0,16,6400.0,0.0,13.5,520.0,0
967,16504.6,98.2,4,3.1,98.2,21,1.9,11.8,9.0,99.0,17,6700.0,0.0,14.8,530.0,0
971,16684.9,96.6,2,2.7,96.6,22,1.4,12.0,7.0,99.0,18,7000.0,0.0,14.0,540.0,0
975,16865.1,95.0,5,3.2,95.0,23,2.0,12.2,9.0,99.0,19,7300.0,0.0,15.2,550.0,0
979,17045.5,93.4,1,2.4,93.4,24,2.1,12.4,8.0,99.0,20,7600.0,0.0,15.4,560.0,0
104,5211.5,88.0,2,1.1,62.0,2,0.5,5.1,2.0,85.0,1,1000.0,0.4,5.6,170.0,0
103,5143.8,86.0,3,0.8,64.0,3,0.9,5.5,1.0,85.0,2,1200.0,0.3,6.2,180.0,0
102,5076.1,84.0,1,0.6,66.0,4,0.4,6.0,1.0,85.0,3,1400.0,0.2,6.5,190.0,0
101,5008.4,82.0,4,1.2,68.0,5,0.6,6.5,2.0,85.0,4,1600.0,0.1,7.8,200.0,0
100,4940.8,80.0,0,0.9,70.0,6,0.3,7.0,1.0,85.0,5,1800.0,0.0,8.0,210.0,0
108,5376.3,90.0,5,1.5,72.0,8,0.8,8.0,3.0,85.0,6,2000.0,0.0,9.0,220.0,0
109,5417.1,92.0,2,1.1,74.0,9,0.5,8.5,2.0,85.0,7,2200.0,0.0,9.2,230.0,0
110,5457.9,94.0,3,1.4,76.0,10,0.9,9.0,3.0,85.0,8,2400.0,0.0,10.0,240.0,0
111,5498.8,96.0,1,1.2,78.0,11,0.4,9.5,2.0,85.0,9,2600.0,0.0,10.2,250.0,0
112,5539.6,98.0,4,1.6,80.0,12,0.6,10.0,3.0,85.0,10,2800.0,0.0,11.0,260.0,0
113,5579.4,100.0,0,1.3,82.0,13,0.3,10.5,2.0,85.0,11,3000.0,0.0,11.2,270.0,0
114,5620.3,97.0,5,1.5,84.0,14,0.8,11.0,3.0,85.0,12,3200.0,0.0,12.0,280.0,0
115,5661.2,95.0,2,1.1,86.0,15,0.5,11.5,2.0,85.0,13,3400.0,0.0,12.2,290.0,0
116,5702.0,93.0,3,1.4,88.0,16,0.9,12.0,3.0,85.0,14,3600.0,0.0,13.0,300.0,0
117,5742.9,91.0,1,1.2,90.0,17,0.4,12.5,2.0,85.0,15,3800.0,0.0,13.2,310.0,0
118,5784.7,89.0,4,1.5,92.0,18,0.6,13.0,3.0,85.0,16,4000.0,0.0,14.0,320.0,0
940,14561.5,85.0,3,2.8,75.0,20,1.0,8.0,4.0,80.0,8,4500.0,0.3,9.0,420.0,0
997,19679.9,98.0,2,3.9,82.0,22,2.5,9.0,5.0,82.0,9,4800.0,0.2,10.0,450.0,0
1003,18135.2,92.0,1,3.2,85.0,19,1.2,7.0,3.0,81.0,10,4600.0,0.1,9.2,410.0,0
1034,18561.4,96.0,4,2.5,87.0,21,1.8,8.5,4.0,83.0,11,4900.0,0.1,10.5,440.0,0
1047,16179.1,94.0,5,3.6,89.0,20,2.0,9.5,5.0,84.0,12,5200.0,0.0,11.5,460.0,0
1051,16321.1,95.0,3,2.9,91.0,18,1.5,8.0,3.0,85.0,13,5000.0,0.0,11.0,470.0,0
1060,19135.9,97.0,2,3.8,93.0,22,3.0,9.0,6.0,86.0,14,5400.0,0.0,12.0,490.0,0
1070,15579.8,90.0,1,3.1,95.0,19,2.2,7.5,4.0,87.0,15,5200.0,0.0,12.5,480.0,0
1081,16935.6,93.0,5,2.7,97.0,20,2.5,8.5,5.0,88.0,16,5600.0,0.0,13.0,500.0,0
1095,15879.5,91.0,4,3.5,98.0,21,2.8,9.0,6.0,89.0,17,5800.0,0.0,13.5,510.0,0
1105,18235.8,94.0,3,3.2,99.0,22,3.2,8.0,7.0,90.0,18,6000.0,0.0,14.0,520.0,0
1118,18861.5,95.0,2,3.9,99.0,20,3.5,9.5,8.0,91.0,19,6200.0,0.0,14.5,530.0,0
1133,16421.9,92.0,1,3.6,100.0,19,3.0,8.0,8.0,92.0,20,6400.0,0.0,15.0,540.0,0
1144,19079.1,96.0,5,3.8,100.0,20,3.8,9.0,9.0,93.0,21,6600.0,0.0,15.5,550.0,0
1154,17235.8,93.0,4,3.4,100.0,21,3.5,8.5,9.0,94.0,22,6800.0,0.0,16.0,560.0,0
1167,16179.1,95.0,3,3.2,100.0,20,3.2,9.0,10.0,95.0,23,7000.0,0.0,16.5,570.0,0
1011,19139.4,90.5,2,2.8,96.0,21,2.8,7.0,9.0,88.0,17,6100.0,0.2,13.0,490.0,0
1025,18522.9,92.0,1,3.0,98.0,20,3.0,8.5,8.0,89.0,18,6200.0,0.2,13.5,500.0,0
1038,15947.3,95.0,5,2.9,99.0,22,2.9,9.0,9.0,90.0,19,6300.0,0.2,14.0,510.0,0
1051,17763.1,93.0,4,3.1,98.0,20,3.1,8.0,10.0,91.0,20,6400.0,0.2,14.5,520.0,0
1064,19525.8,91.0,3,2.6,100.0,21,2.6,7.5,9.0,92.0,21,6500.0,0.2,15.0,530.0,0
1077,16961.5,94.0,2,3.3,99.0,19,3.3,8.5,9.0,93.0,22,6600.0,0.2,15.5,540.0,0
1089,18183.9,96.0,5,3.4,100.0,20,3.4,9.5,10.0,94.0,23,6700.0,0.2,16.0,550.0,0
1102,15567.4,92.0,4,2.7,98.0,21,2.7,7.0,9.0,95.0,24,6800.0,0.2,16.5,560.0,0
1114,17322.9,93.0,3,3.2,99.0,20,3.2,8.0,9.0,96.0,25,6900.0,0.2,17.0,570.0,0
1126,16347.1,94.0,2,2.9,100.0,19,2.9,7.5,10.0,97.0,26,7000.0,0.2,17.5,580.0,0
1138,18917.9,95.0,5,3.5,99.0,20,3.5,9.0,9.0,98.0,27,7100.0,0.2,18.0,590.0,0
1151,15735.8,93.0,4,3.1,98.0,21,3.1,8.0,9.0,99.0,28,7200.0,0.2,18.5,600.0,0
1163,17179.1,94.0,3,2.8,100.0,20,2.8,7.0,10.0,100.0,29,7300.0,0.2,19.0,610.0,0
1175,15947.3,95.0,2,3.3,99.0,19,3.3,8.5,9.0,100.0,30,7400.0,0.2,19.5,620.0,0
1187,17583.9,96.0,5,3.4,100.0,20,3.4,9.5,10.0,100.0,31,7500.0,0.2,20.0,630.0,0
1199,16179.1,93.0,4,2.7,98.0,21,2.7,7.5,9.0,100.0,32,7600.0,0.2,20.5,640.0,0
943,18512.5,92.0,1,2.9,97.0,18,2.9,6.0,7.0,99.0,26,7800.0,0.3,17.0,550.0,0
951,19235.8,94.0,3,3.2,99.0,19,3.2,7.5,8.0,98.0,27,7900.0,0.3,17.5,560.0,0
959,16987.1,95.0,2,3.5,100.0,20,3.5,9.0,9.0,100.0,28,8000.0,0.3,18.0,570.0,0
967,17735.8,93.0,1,3.1,98.0,18,3.1,8.0,8.0,99.0,29,8100.0,0.3,18.5,580.0,0
975,15412.5,94.0,4,2.8,97.0,19,2.8,6.5,7.0,99.0,30,8200.0,0.3,19.0,590.0,0
983,17235.9,96.0,5,3.4,99.0,20,3.4,7.0,9.0,100.0,31,8300.0,0.3,19.5,600.0,0
991,16347.3,95.0,3,3.3,100.0,19,3.3,8.5,10.0,100.0,32,8400.0,0.3,20.0,610.0,0
999,15879.1,94.0,2,2.9,98.0,18,2.9,9.5,8.0,100.0,33,8500.0,0.3,20.5,620.0,0
1007,18179.1,96.0,1,3.6,99.0,20,3.6,8.0,9.0,100.0,34,8600.0,0.3,21.0,630.0,0
1015,18412.5,95.0,4,3.2,100.0,19,3.2,7.0,10.0,100.0,35,8700.0,0.3,21.5,640.0,0
1023,16847.3,94.0,5,3.5,98.0,20,3.5,9.0,9.0,100.0,36,8800.0,0.3,22.0,650.0,0
1031,16035.8,96.0,2,3.3,99.0,19,3.3,8.5,8.0,100.0,37,8900.0,0.3,22.5,660.0,0
1039,17312.5,95.0,1,3.1,100.0,20,3.1,9.5,9.0,100.0,38,9000.0,0.3,23.0,670.0,0
1047,18235.9,94.0,4,3.4,98.0,19,3.4,7.0,10.0,100.0,39,9100.0,0.3,23.5,680.0,0
1055,16647.3,95.0,5,3.6,99.0,20,3.6,8.0,9.0,100.0,40,9200.0,0.3,24.0,690.0,0
1063,17035.8,96.0,2,3.3,100.0,19,3.3,9.0,8.0,100.0,41,9300.0,0.3,24.5,700.0,0
1071,17847.3,94.5,3,3.2,99.0,21,3.2,8.5,8.5,99.0,42,9400.0,0.3,25.0,710.0,0
1079,16312.5,96.5,4,3.5,98.0,20,3.5,9.5,9.5,100.0,43,9500.0,0.3,25.5,720.0,0
1087,18535.9,95.5,1,3.1,100.0,21,3.1,8.0,10.0,99.0,44,9600.0,0.3,26.0,730.0,0
1095,17147.3,96.5,5,3.4,99.0,20,3.4,7.5,9.0,100.0,45,9700.0,0.3,26.5,740.0,0
1103,16735.8,95.0,2,3.3,100.0,21,3.3,9.0,8.0,99.0,46,9800.0,0.3,27.0,750.0,0
1111,18147.3,94.5,4,3.2,99.0,20,3.2,8.0,10.0,100.0,47,9900.0,0.3,27.5,760.0,0
1119,17735.8,96.0,1,3.1,100.0,21,3.1,9.5,9.5,99.0,48,10000.0,0.3,28.0,770.0,0
1127,18312.5,95.5,5,3.4,99.0,20,3.4,8.5,8.5,100.0,49,10100.0,0.3,28.5,780.0,0
1135,16947.3,96.5,2,3.3,100.0,21,3.3,9.0,8.0,99.0,50,10200.0,0.3,29.0,790.0,0
1143,17935.8,95.0,4,3.2,99.0,20,3.2,8.0,10.0,100.0,51,10300.0,0.3,29.5,800.0,0
1151,17547.3,96.0,1,3.1,100.0,21,3.1,9.5,9.5,99.0,52,10400.0,0.3,30.0,810.0,0
1159,18735.8,95.5,5,3.4,99.0,20,3.4,8.5,8.5,100.0,53,10500.0,0.3,30.5,820.0,0
1167,17312.5,96.5,2,3.3,100.0,21,3.3,9.0,8.0,99.0,54,10600.0,0.3,31.0,830.0,0
1175,18147.3,95.0,4,3.2,99.0,20,3.2,8.0,10.0,100.0,55,10700.0,0.3,31.5,840.0,0
1183,17735.8,96.0,1,3.1,100.0,21,3.1,9.5,9.5,99.0,56,10800.0,0.3,32.0,850.0,0
1191,18535.9,95.5,5,3.4,99.0,20,3.4,8.5,8.5,100.0,57,10900.0,0.3,32.5,860.0,0
100,5000.0,80.0,0,0.5,60.0,0,0.0,2.0,0.0,80.0,0,1000.0,0.1,1.0,100.0,0
101,5015.8,81.0,0,0.6,61.0,0,0.1,2.1,0.1,81.0,1,1020.0,0.1,1.1,110.0,0
102,5031.6,82.0,0,0.7,62.0,0,0.2,2.2,0.2,82.0,2,1040.0,0.1,1.2,120.0,0
103,5047.4,83.0,0,0.8,63.0,0,0.3,2.3,0.3,83.0,3,1060.0,0.1,1.3,130.0,0
104,5063.2,84.0,0,0.9,64.0,0,0.4,2.4,0.4,84.0,4,1080.0,0.1,1.4,140.0,0
105,5083.0,85.0,0,1.0,65.0,0,0.5,2.5,0.5,85.0,5,1100.0,0.1,1.5,150.0,0
106,5102.8,86.0,0,1.1,66.0,0,0.6,2.6,0.6,86.0,6,1120.0,0.1,1.6,160.0,0
107,5122.6,87.0,0,1.2,67.0,0,0.7,2.7,0.7,87.0,7,1140.0,0.1,1.7,170.0,0
108,5142.4,88.0,0,1.3,68.0,0,0.8,2.8,0.8,88.0,8,1160.0,0.1,1.8,180.0,0
109,5162.2,89.0,0,1.4,69.0,0,0.9,2.9,0.9,89.0,9,1180.0,0.1,1.9,190.0,0
110,5182.0,90.0,0,1.5,70.0,0,1.0,3.0,1.0,90.0,10,1200.0,0.1,2.0,200.0,0
111,5201.8,91.0,0,1.6,71.0,0,1.1,3.1,1.1,91.0,11,1220.0,0.1,2.1,210.0,0
112,5221.6,92.0,0,1.7,72.0,0,1.2,3.2,1.2,92.0,12,1240.0,0.1,2.2,220.0,0
113,5241.4,93.0,0,1.8,73.0,0,1.3,3.3,1.3,93.0,13,1260.0,0.1,2.3,230.0,0
114,5261.2,94.0,0,1.9,74.0,0,1.4,3.4,1.4,94.0,14,1280.0,0.1,2.4,240.0,0
115,5281.0,95.0,0,2.0,75.0,0,1.5,3.5,1.5,95.0,15,1300.0,0.1,2.5,250.0,0
102,5152.0,88.0,0,1.2,68.0,1,0.9,2.9,0.9,88.0,8,1180.0,0.1,1.9,190.0,0
103,5173.8,89.0,0,1.3,69.0,2,1.0,3.0,1.0,89.0,9,1200.0,0.1,2.0,200.0,0
104,5195.6,90.0,0,1.4,70.0,3,1.1,3.1,1.1,90.0,10,1220.0,0.1,2.1,210.0,0
105,5217.4,91.0,0,1.5,71.0,4,1.2,3.2,1.2,91.0,11,1240.0,0.1,2.2,220.0,0
106,5239.2,92.0,0,1.6,72.0,5,1.3,3.3,1.3,92.0,12,1260.0,0.1,2.3,230.0,0
107,5261.0,93.0,0,1.7,73.0,6,1.4,3.4,1.4,93.0,13,1280.0,0.1,2.4,240.0,0
108,5282.8,94.0,0,1.8,74.0,7,1.5,3.5,1.5,94.0,14,1300.0,0.1,2.5,250.0,0
109,5304.6,95.0,0,1.9,75.0,8,1.6,3.6,1.6,95.0,15,1320.0,0.1,2.6,260.0,0
100,5125.2,86.0,0,1.1,66.0,0,0.8,2.8,0.8,86.0,7,1160.0,0.1,1.8,180.0,0
101,5146.0,87.0,0,1.2,67.0,1,0.9,2.9,0.9,87.0,8,1180.0,0.1,1.9,190.0,0
500,18000.0,96.0,0,2.5,76.0,0,1.7,3.7,1.7,96.0,16,1400.0,0.1,2.7,270.0,0
501,18200.0,97.0,0,2.6,77.0,0,1.8,3.8,1.8,97.0,17,1420.0,0.1,2.8,280.0,0
502,18400.0,98.0,0,2.7,78.0,0,1.9,3.9,1.9,98.0,18,1440.0,0.1,2.9,290.0,0
503,18600.0,99.0,0,2.8,79.0,0,2.0,4.0,2.0,99.0,19,1460.0,0.1,3.0,300.0,0
504,18800.0,100.0,0,2.9,80.0,0,2.1,4.1,2.1,100.0,20,1480.0,0.1,3.1,310.0,0
505,19000.0,100.0,0,3.0,81.0,0,2.2,4.2,2.2,100.0,21,1500.0,0.1,3.2,320.0,0
101,5100.0,85.0,1,0.5,90.0,2,0.0,5.0,0.0,85.0,0,1100.0,0.2,1.0,110.0,0
102,5200.0,86.0,1,0.6,91.0,3,0.0,5.2,0.0,86.0,1,1120.0,0.2,1.1,120.0,0
103,5300.0,87.0,2,0.7,92.0,4,0.0,5.4,0.0,87.0,2,1140.0,0.2,1.2,130.0,0
104,5400.0,88.0,2,0.8,93.0,5,0.0,5.6,0.0,88.0,3,1160.0,0.2,1.3,140.0,0
105,5500.0,89.0,3,0.9,94.0,6,0.0,5.8,0.0,89.0,4,1180.0,0.2,1.4,150.0,0
106,5600.0,90.0,3,1.0,95.0,7,0.0,6.0,0.0,90.0,5,1200.0,0.2,1.5,160.0,0
107,5700.0,91.0,4,1.1,96.0,8,0.0,6.2,0.0,91.0,6,1220.0,0.2,1.6,170.0,0
108,5800.0,92.0,4,1.2,97.0,9,0.0,6.4,0.0,92.0,7,1240.0,0.2,1.7,180.0,0
109,5900.0,93.0,5,1.3,98.0,10,0.0,6.6,0.0,93.0,8,1260.0,0.2,1.8,190.0,0
110,6000.0,94.0,5,1.4,99.0,11,0.0,6.8,0.0,94.0,9,1280.0,0.2,1.9,200.0,0
111,6100.0,95.0,0,1.5,80.0,12,0.0,7.0,0.0,95.0,10,1300.0,0.2,2.0,210.0,0
112,6200.0,96.0,0,1.6,81.0,13,0.0,7.2,0.0,96.0,11,1320.0,0.2,2.1,220.0,0
113,6300.0,97.0,0,1.7,82.0,14,0.0,7.4,0.0,97.0,12,1340.0,0.2,2.2,230.0,0
114,6400.0,98.0,0,1.8,83.0,15,0.0,7.6,0.0,98.0,13,1360.0,0.2,2.3,240.0,0
115,6500.0,99.0,0,1.9,84.0,16,0.0,7.8,0.0,99.0,14,1380.0,0.2,2.4,250.0,0
116,6600.0,100.0,0,2.0,85.0,17,0.0,8.0,0.0,100.0,15,1400.0,0.2,2.5,260.0,0
910,14300.0,91.0,3,3.2,90.0,20,1.0,9.5,5.0,92.0,9,4500.0,0.3,7.5,380.0,0
911,14200.0,90.0,4,3.1,89.0,21,2.0,9.7,4.0,91.0,8,4480.0,0.3,7.6,370.0,0
912,14100.0,89.0,5,3.0,88.0,22,3.0,9.9,3.0,90.0,7,4460.0,0.3,7.7,360.0,0
913,14000.0,88.0,2,2.9,87.0,23,4.0,10.1,2.0,89.0,6,4440.0,0.3,7.8,350.0,0
914,13900.0,87.0,1,2.8,86.0,24,5.0,10.3,1.0,88.0,5,4420.0,0.3,7.9,340.0,0
915,13800.0,86.0,0,2.7,85.0,0,0.0,10.5,0.0,87.0,4,4400.0,0.3,8.0,330.0,0
916,13700.0,85.0,0,2.6,84.0,0,0.0,10.7,0.0,86.0,3,4380.0,0.3,8.1,320.0,0
917,13600.0,84.0,0,2.5,83.0,0,0.0,10.9,0.0,85.0,2,4360.0,0.3,8.2,310.0,0
918,13500.0,83.0,0,2.4,82.0,0,0.0,11.1,0.0,84.0,1,4340.0,0.3,8.3,300.0,0
919,13400.0,82.0,0,2.3,81.0,0,0.0,11.3,0.0,83.0,0,4320.0,0.3,8.4,290.0,0
920,13300.0,81.0,0,2.2,80.0,0,0.0,11.5,0.0,82.0,0,4300.0,0.3,8.5,280.0,0
921,13200.0,80.0,0,2.1,79.0,0,0.0,11.7,0.0,81.0,0,4280.0,0.3,8.6,270.0,0
922,13100.0,79.0,0,2.0,78.0,0,0.0,11.9,0.0,80.0,0,4260.0,0.3,8.7,260.0,0
923,13000.0,78.0,0,1.9,77.0,0,0.0,12.1,0.0,79.0,0,4240.0,0.3,8.8,250.0,0
924,12900.0,77.0,0,1.8,76.0,0,0.0,12.3,0.0,78.0,0,4220.0,0.3,8.9,240.0,0
925,12800.0,76.0,0,1.7,75.0,0,0.0,12.5,0.0,77.0,0,4200.0,0.3,9.0,230.0,0
101,5150.0,98.0,2,4.8,95.0,16,1.5,2.2,5.0,90.0,8,3900.0,0.2,5.5,410.0,1
102,5160.0,97.0,3,4.9,94.0,17,2.0,2.3,6.0,91.0,9,3920.0,0.2,5.6,420.0,1
103,5170.0,96.0,4,5.0,93.0,18,2.5,2.4,7.0,92.0,10,3940.0,0.2,5.7,430.0,1
104,5180.0,95.0,5,5.1,92.0,19,3.0,2.5,8.0,93.0,11,3960.0,0.2,5.8,440.0,1
105,5190.0,94.0,0,5.2,91.0,20,3.5,2.6,9.0,94.0,12,3980.0,0.2,5.9,450.0,1
106,5200.0,93.0,1,5.3,90.0,21,4.0,2.7,10.0,95.0,13,4000.0,0.2,6.0,460.0,1
107,5210.0,92.0,2,5.4,89.0,22,4.5,2.8,11.0,96.0,14,4020.0,0.2,6.1,470.0,1
108,5220.0,91.0,3,5.5,88.0,23,5.0,2.9,12.0,97.0,15,4040.0,0.2,6.2,480.0,1
109,5230.0,90.0,4,5.6,87.0,24,5.5,3.0,13.0,98.0,16,4060.0,0.2,6.3,490.0,1
110,5240.0,89.0,5,5.7,86.0,0,0.0,3.1,14.0,99.0,17,4080.0,0.2,6.4,500.0,1
111,5250.0,88.0,0,5.8,85.0,0,0.0,3.2,15.0,100.0,18,4100.0,0.2,6.5,510.0,1
112,5260.0,87.0,1,5.9,84.0,0,0.0,3.3,16.0,89.0,19,4120.0,0.2,6.6,520.0,1
113,5270.0,86.0,2,6.0,83.0,0,0.0,3.4,17.0,88.0,20,4140.0,0.2,6.7,530.0,1
114,5280.0,85.0,3,6.1,82.0,0,0.0,3.5,18.0,87.0,21,4160.0,0.2,6.8,540.0,1
115,5290.0,84.0,4,6.2,81.0,0,0.0,3.6,19.0,86.0,22,4180.0,0.2,6.9,550.0,1
116,5300.0,83.0,5,6.3,80.0,0,0.0,3.7,20.0,85.0,23,4200.0,0.2,7.0,560.0,1
701,18000.0,96.0,3,4.2,97.0,8,2.0,6.8,8.0,82.0,5,4500.0,0.4,8.5,480.0,1
702,18100.0,95.0,2,4.1,96.0,9,1.0,7.0,7.0,81.0,4,4520.0,0.4,8.6,490.0,1
703,18200.0,94.0,1,4.0,95.0,10,0.0,7.2,6.0,80.0,3,4540.0,0.4,8.7,500.0,0
704,18300.0,93.0,4,3.9,94.0,11,0.0,7.3,5.0,79.0,2,4560.0,0.4,8.8,510.0,0
705,18400.0,92.0,5,3.8,93.0,12,0.0,7.4,4.0,78.0,1,4580.0,0.4,8.9,520.0,0
706,18500.0,91.0,0,3.7,92.0,13,0.0,7.5,3.0,77.0,0,4600.0,0.4,9.0,530.0,0
707,18600.0,90.0,0,3.6,91.0,14,0.0,7.6,2.0,76.0,0,4620.0,0.4,9.1,540.0,0
708,18700.0,89.0,0,3.5,90.0,15,0.0,7.7,1.0,75.0,0,4640.0,0.4,9.2,550.0,0
709,18800.0,88.0,0,3.4,89.0,16,0.0,7.8,0.0,74.0,0,4660.0,0.4,9.3,560.0,0
710,18900.0,87.0,0,3.3,88.0,17,0.0,7.9,0.0,73.0,0,4680.0,0.4,9.4,570.0,0
711,19000.0,86.0,0,3.2,87.0,18,0.0,8.0,0.0,72.0,0,4700.0,0.4,9.5,580.0,0
712,19100.0,85.0,0,3.1,86.0,19,0.0,8.1,0.0,71.0,0,4720.0,0.4,9.6,590.0,0
713,19200.0,84.0,0,3.0,85.0,20,0.0,8.2,0.0,70.0,0,4740.0,0.4,9.7,600.0,0
714,19300.0,83.0,0,2.9,84.0,21,0.0,8.3,0.0,69.0,0,4760.0,0.4,9.8,610.0,0
715,19400.0,82.0,0,2.8,83.0,22,0.0,8.4,0.0,68.0,0,4780.0,0.4,9.9,620.0,0
716,19500.0,81.0,0,2.7,82.0,23,0.0,8.5,0.0,67.0,0,4800.0,0.4,10.0,630.0,0
102,17150.0,95.0,1,1.7,78.0,11,0.0,5.0,0.0,88.0,2,3200.0,0.3,3.0,220.0,0
938,19520.0,89.0,2,2.4,80.0,14,0.0,6.5,0.0,85.0,4,3800.0,0.3,4.5,290.0,0
475,15150.0,96.0,3,1.3,75.0,9,0.0,4.0,0.0,90.0,1,2900.0,0.3,2.0,200.0,0
991,19950.0,92.0,4,2.6,81.0,16,0.0,7.0,0.0,87.0,5,4200.0,0.3,5.0,330.0,0
637,16750.0,94.0,5,2.1,79.0,13,0.0,5.5,0.0,86.0,3,3500.0,0.3,4.0,280.0,0
863,18450.0,90.0,1,2.2,82.0,15,0.0,6.0,0.0,89.0,6,3600.0,0.3,5.5,310.0,0
414,15350.0,98.0,0,1.2,76.0,8,0.0,3.5,0.0,91.0,0,2800.0,0.3,1.5,180.0,0
972,20150.0,91.0,3,2.8,83.0,17,0.0,7.5,0.0,88.0,7,4400.0,0.3,6.0,350.0,0
589,16150.0,93.0,2,2.0,80.0,12,0.0,5.0,0.0,84.0,2,3300.0,0.3,3.5,260.0,0
751,17650.0,88.0,4,2.3,81.0,14,0.0,6.0,0.0,87.0,4,3900.0,0.3,5.0,320.0,0
845,18150.0,87.0,1,2.5,82.0,15,0.0,6.5,0.0,86.0,5,4000.0,0.3,6.0,340.0,0
526,15950.0,95.0,5,1.9,79.0,11,0.0,5.0,0.0,85.0,3,3400.0,0.3,4.5,270.0,0
953,20350.0,90.0,2,2.9,84.0,16,0.0,7.0,0.0,89.0,8,4600.0,0.3,7.0,380.0,0
679,16550.0,92.0,0,2.2,80.0,13,0.0,5.5,0.0,86.0,2,3600.0,0.3,4.0,300.0,0
939,19150.0,89.0,4,2.6,82.0,14,0.0,6.0,0.0,85.0,6,3800.0,0.3,5.5,330.0,0
812,17750.0,86.0,3,2.4,81.0,15,0.0,6.5,0.0,87.0,5,4000.0,0.3,6.0,350.0,0
123,16879.0,90.0,1,2.1,85.0,20,0.0,8.0,0.0,88.0,7,4200.0,0.2,3.0,280.0,0
901,18579.0,94.0,4,2.8,83.0,19,0.0,7.5,0.0,89.0,9,4500.0,0.2,5.0,320.0,0
645,15179.0,88.0,0,2.3,82.0,14,0.0,6.0,0.0,86.0,3,3200.0,0.2,2.5,240.0,0
761,17379.0,91.0,2,2.5,84.0,18,0.0,7.0,0.0,87.0,6,3800.0,0.2,4.5,300.0,0
547,14979.0,96.0,5,2.0,81.0,12,0.0,5.5,0.0,85.0,4,3000.0,0.2,2.0,220.0,0
932,19979.0,93.0,3,2.9,85.0,17,0.0,8.5,0.0,90.0,8,4200.0,0.2,6.5,360.0,0
823,16179.0,89.0,1,2.6,83.0,16,0.0,7.0,0.0,86.0,5,3600.0,0.2,4.0,290.0,0
695,15579.0,90.0,4,2.1,84.0,15,0.0,6.5,0.0,87.0,7,3800.0,0.2,3.5,260.0,0
917,16979.0,92.0,0,2.8,84.0,19,0.0,7.5,0.0,88.0,9,4000.0,0.2,5.0,330.0,0
861,18379.0,95.0,2,2.5,85.0,18,0.0,8.0,0.0,89.0,6,4200.0,0.2,4.0,310.0,0
593,14779.0,88.0,5,2.0,82.0,13,0.0,6.0,0.0,85.0,4,3200.0,0.2,2.5,240.0,0
781,17179.0,94.0,1,2.6,84.0,17,0.0,7.5,0.0,88.0,7,3800.0,0.2,3.0,280.0,0
949,19379.0,93.0,4,2.9,85.0,20,0.0,8.5,0.0,90.0,9,4500.0,0.2,6.0,360.0,0
683,16379.0,91.0,0,2.3,83.0,16,0.0,7.0,0.0,86.0,5,3600.0,0.2,4.5,290.0,0
101,11999.0,98.0,3,1.2,90.0,22,0.5,4.2,0.5,92.0,1,1400.0,0.4,8.0,420.0,0
913,19799.0,96.0,1,2.1,86.0,19,0.0,8.8,0.0,91.0,8,4800.0,0.3,7.0,380.0,0
621,16199.0,89.0,5,2.8,81.0,14,0.0,6.5,0.0,84.0,3,3000.0,0.3,9.0,220.0,0
791,16999.0,95.0,2,2.4,84.0,18,0.0,7.8,0.0,89.0,6,4100.0,0.3,6.5,300.0,0
741,17399.0,93.0,4,2.2,85.0,17,0.0,7.2,0.0,90.0,7,4200.0,0.3,5.5,320.0,0
981,18999.0,97.0,0,2.5,87.0,21,0.0,9.0,0.0,93.0,10,4900.0,0.3,9.5,460.0,0
671,15599.0,90.0,1,2.9,82.0,15,0.0,6.8,0.0,87.0,4,3500.0,0.3,8.5,290.0,0
951,19199.0,94.0,3,2.7,86.0,20,0.0,8.2,0.0,92.0,9,4600.0,0.3,7.5,390.0,0
761,16399.0,92.0,5,2.1,83.0,16,0.0,7.5,0.0,89.0,5,3900.0,0.3,6.0,330.0,0
931,17999.0,96.0,2,2.4,85.0,19,0.0,8.5,0.0,91.0,8,4400.0,0.3,8.0,380.0,0
681,15999.0,91.0,4,2.8,82.0,15,0.0,7.0,0.0,86.0,3,3700.0,0.3,7.0,280.0,0
711,16799.0,94.0,1,2.6,84.0,18,0.0,7.8,0.0,90.0,6,4000.0,0.3,5.0,340.0,0
921,18399.0,98.0,0,2.2,87.0,22,0.0,9.5,0.0,94.0,10,5000.0,0.3,10.0,440.0,0
611,15199.0,89.0,5,2.9,81.0,14,0.0,6.2,0.0,84.0,2,3200.0,0.3,9.5,250.0,0
801,16599.0,95.0,4,2.5,84.0,17,0.0,7.5,0.0,90.0,7,4100.0,0.3,7.0,310.0,0
941,18999.0,96.0,3,2.7,86.0,21,0.0,9.0,0.0,93.0,9,4800.0,0.3,9.0,420.0,0
980,17500.0,92.0,2,2.4,85.0,19,0.0,7.2,0.0,91.0,5,4200.0,0.4,8.0,330.0,0
812,16399.0,93.0,4,2.3,83.0,16,0.0,7.1,0.0,89.0,4,4100.0,0.3,6.0,290.0,0
791,16199.0,91.0,3,2.5,84.0,18,0.0,7.3,0.0,92.0,6,4000.0,0.4,7.0,320.0,0
632,14999.0,88.0,5,2.8,82.0,13,0.0,6.5,0.0,86.0,3,3500.0,0.3,8.5,240.0,0
921,18199.0,97.0,1,2.1,88.0,20,0.0,8.0,0.0,95.0,8,5000.0,0.3,9.5,460.0,0
931,17999.0,96.0,4,2.6,87.0,19,0.0,8.1,0.0,94.0,7,4900.0,0.4,9.0,400.0,0
761,16999.0,94.0,2,2.2,85.0,17,0.0,7.4,0.0,91.0,5,4500.0,0.3,8.0,350.0,0
941,18799.0,98.0,0,2.0,89.0,22,0.0,9.1,0.0,96.0,10,5200.0,0.4,10.0,480.0,0
831,16399.0,93.0,3,2.4,84.0,18,0.0,7.6,0.0,93.0,6,4200.0,0.3,8.0,330.0,0
701,16199.0,92.0,1,2.7,83.0,16,0.0,7.0,0.0,90.0,4,4000.0,0.4,7.5,310.0,0
961,19199.0,97.0,2,2.1,90.0,23,0.0,9.2,0.0,97.0,9,5500.0,0.3,9.0,490.0,0
891,17199.0,95.0,0,2.3,86.0,20,0.0,8.2,0.0,94.0,8,5000.0,0.4,9.5,420.0,0
482,15621.0,91.0,4,2.5,81.0,14,1.0,6.8,3.0,88.0,3,3800.0,0.2,6.5,290.0,0
761,16211.0,93.0,1,2.8,82.0,15,2.0,6.9,4.0,89.0,2,4200.0,0.3,7.0,320.0,0
921,15821.0,96.0,3,2.2,88.0,21,1.0,7.1,2.0,92.0,7,4600.0,0.4,8.5,360.0,0
671,15121.0,90.0,2,2.9,80.0,13,3.0,6.2,5.0,86.0,1,3600.0,0.2,6.0,280.0,0
941,16521.0,94.0,0,2.1,89.0,19,2.0,7.3,1.0,95.0,9,4800.0,0.4,9.0,400.0,0
811,15921.0,92.0,4,2.6,84.0,16,1.0,6.5,3.0,91.0,6,4400.0,0.3,7.5,330.0,0
681,15321.0,91.0,3,2.4,83.0,12,2.0,6.1,4.0,87.0,5,4000.0,0.2,6.0,290.0,0
991,16121.0,98.0,1,2.0,92.0,24,1.0,7.5,2.0,98.0,10,5200.0,0.4,10.0,460.0,0
821,15721.0,95.0,2,2.5,85.0,18,1.0,6.6,3.0,93.0,8,4600.0,0.3,8.0,380.0,0
631,14921.0,89.0,4,2.8,81.0,11,3.0,5.9,5.0,85.0,2,3400.0,0.2,5.5,270.0,0
911,16321.0,96.0,0,2.2,90.0,22,2.0,7.0,1.0,94.0,9,5000.0,0.4,9.5,420.0,0
701,15521.0,93.0,3,2.9,82.0,13,1.0,6.0,4.0,88.0,4,4100.0,0.3,7.0,310.0,0
136,14173.0,87.0,4,1.8,80.0,8,3.0,4.5,6.0,92.0,7,3200.0,0.2,4.5,230.0,0
547,17113.0,94.0,2,2.1,88.0,16,1.0,7.2,3.0,96.0,6,4500.0,0.3,7.5,390.0,0
971,15773.0,99.0,1,1.9,91.0,21,1.0,8.1,2.0,97.0,8,4800.0,0.4,9.0,410.0,0
831,14573.0,92.0,3,2.4,84.0,14,2.0,6.3,5.0,90.0,5,3800.0,0.2,6.0,280.0,0
681,15173.0,90.0,2,2.6,82.0,10,1.0,5.8,4.0,89.0,3,4200.0,0.3,5.0,290.0,0
911,16113.0,97.0,0,2.0,90.0,23,2.0,7.8,1.0,95.0,9,5200.0,0.4,10.0,450.0,0
691,15913.0,95.0,1,2.2,89.0,15,1.0,6.9,3.0,93.0,6,4600.0,0.3,8.5,380.0,0
751,14973.0,91.0,4,2.5,86.0,9,3.0,5.5,6.0,91.0,7,4100.0,0.2,6.5,290.0,0
891,15513.0,94.0,2,2.1,88.0,17,1.0,7.1,3.0,94.0,8,4800.0,0.3,8.0,390.0,0
741,15713.0,96.0,0,2.0,90.0,20,2.0,7.5,2.0,96.0,9,5000.0,0.4,9.0,410.0,0
961,16173.0,99.0,1,1.9,92.0,24,1.0,8.2,2.0,98.0,10,5400.0,0.4,10.5,460.0,0
671,15113.0,92.0,3,2.4,83.0,12,2.0,6.1,4.0,89.0,5,4400.0,0.3,7.0,310.0,0
991,16373.0,97.0,0,2.0,91.0,25,2.0,8.0,2.0,97.0,10,5600.0,0.4,10.0,480.0,0
791,15713.0,95.0,2,2.2,89.0,18,1.0,7.0,3.0,95.0,8,5200.0,0.3,9.0,420.0,0
831,15573.0,94.0,1,2.1,90.0,19,1.0,7.4,2.0,96.0,9,5400.0,0.4,10.5,460.0,0
851,15973.0,96.0,0,2.0,91.0,22,2.0,7.9,2.0,97.0,10,5800.0,0.4,11.0,490.0,0
293,18134.0,90.0,2,2.7,88.0,15,3.0,5.9,6.0,92.0,6,4800.0,0.3,8.0,350.0,0
421,17313.0,91.0,1,3.1,85.0,17,2.0,6.5,7.0,94.0,7,5200.0,0.3,9.5,380.0,0
961,17573.0,98.0,0,2.5,95.0,23,1.0,8.5,1.0,99.0,9,5600.0,0.4,10.0,440.0,0
731,16913.0,93.0,3,2.8,89.0,14,2.0,7.1,5.0,96.0,8,5000.0,0.3,8.5,400.0,0
821,17173.0,94.0,2,2.9,90.0,20,2.0,7.7,4.0,98.0,10,5400.0,0.4,10.5,420.0,0
631,16573.0,92.0,1,3.0,86.0,16,1.0,6.2,8.0,93.0,5,4800.0,0.3,8.0,360.0,0
891,16713.0,95.0,0,2.6,92.0,21,2.0,7.3,3.0,97.0,9,5200.0,0.3,9.0,410.0,0
451,16313.0,91.0,3,2.9,87.0,13,3.0,5.5,6.0,95.0,7,5000.0,0.3,8.5,390.0,0
281,16113.0,89.0,2,3.2,84.0,12,2.0,5.0,9.0,92.0,6,4600.0,0.3,7.0,340.0,0
341,15913.0,90.0,1,3.1,85.0,14,2.0,5.8,7.0,94.0,8,4800.0,0.3,8.0,370.0,0
761,16573.0,93.0,0,2.8,89.0,22,1.0,7.5,5.0,97.0,10,5200.0,0.3,9.0,400.0,0
491,16713.0,92.0,2,2.9,88.0,19,2.0,6.8,4.0,96.0,9,5000.0,0.3,8.5,420.0,0
421,16313.0,91.0,3,2.7,86.0,18,2.0,6.2,6.0,95.0,7,4800.0,0.3,8.0,390.0,0
531,16913.0,93.0,1,2.8,89.0,15,1.0,6.9,5.0,98.0,8,5200.0,0.3,9.0,410.0,0
891,17173.0,94.0,0,2.6,92.0,25,1.0,7.9,2.0,99.0,10,5800.0,0.4,11.0,450.0,0
421,16573.0,91.0,2,2.9,87.0,20,2.0,6.5,4.0,96.0,9,5000.0,0.3,9.0,400.0,0
912,19238.0,95.0,2,3.4,90.0,17,1.5,8.2,7.0,98.0,6,4800.0,0.4,10.0,490.0,0
741,19513.0,96.0,3,3.1,91.0,22,1.0,8.5,3.0,99.0,8,5200.0,0.4,11.5,460.0,0
601,19173.0,94.0,1,3.3,89.0,18,2.0,7.8,6.0,97.0,9,5400.0,0.4,10.5,480.0,0
811,19413.0,95.0,0,3.2,92.0,19,1.5,8.0,5.0,98.0,7,5000.0,0.4,10.0,470.0,0
631,18813.0,93.0,2,3.5,88.0,20,2.0,7.2,8.0,96.0,10,4800.0,0.4,11.0,490.0,0
791,19673.0,96.0,3,3.0,90.0,21,1.0,8.8,4.0,99.0,6,5200.0,0.4,12.0,480.0,0
661,19313.0,95.0,1,3.4,91.0,16,2.0,7.9,6.0,98.0,8,5000.0,0.4,11.0,470.0,0
841,19073.0,94.0,0,3.2,93.0,23,1.5,8.3,3.0,99.0,7,5800.0,0.4,10.5,460.0,0
691,19713.0,96.0,2,3.1,92.0,18,2.0,8.1,4.0,98.0,9,5400.0,0.4,11.5,490.0,0
761,18913.0,95.0,3,3.3,90.0,19,1.0,7.6,5.0,97.0,8,5000.0,0.4,10.0,470.0,0
891,19238.0,96.0,1,3.5,91.0,20,2.0,8.5,6.0,99.0,10,5800.0,0.4,12.0,480.0,0
831,19513.0,95.0,0,3.2,92.0,22,1.5,8.2,3.0,98.0,9,5200.0,0.4,11.0,460.0,0
791,18813.0,94.0,2,3.4,89.0,17,2.0,7.3,7.0,96.0,8,5000.0,0.4,10.5,490.0,0
961,19173.0,96.0,3,3.1,93.0,19,1.0,8.8,4.0,99.0,7,5800.0,0.4,12.5,480.0,0
901,19413.0,95.0,1,3.3,91.0,21,2.0,8.3,6.0,98.0,10,5400.0,0.4,11.0,470.0,0
721,19713.0,96.0,0,3.2,92.0,23,1.5,8.1,3.0,99.0,9,5200.0,0.4,10.0,460.0,0
942,16878.0,98.0,4,2.8,95.0,18,1.0,9.3,8.0,97.0,6,4800.0,0.3,9.0,440.0,0
841,17123.0,97.0,3,2.9,94.0,20,2.0,8.8,9.0,96.0,7,5200.0,0.3,8.5,450.0,0
931,17378.0,98.0,2,3.0,96.0,22,1.5,9.5,5.0,98.0,8,5000.0,0.3,8.0,420.0,0
881,16738.0,97.0,1,2.6,93.0,19,1.0,9.0,8.0,97.0,9,4800.0,0.3,7.5,430.0,0
761,17013.0,96.0,4,3.1,95.0,21,2.0,8.5,7.0,96.0,10,5400.0,0.3,7.0,410.0,0
921,16923.0,98.0,3,3.0,94.0,18,1.5,9.0,5.0,97.0,7,5200.0,0.3,8.0,430.0,0
891,17213.0,97.0,2,2.9,95.0,23,2.0,9.2,9.0,98.0,8,5000.0,0.3,7.5,420.0,0
961,17123.0,98.0,1,2.7,96.0,20,1.5,9.5,8.0,99.0,9,5800.0,0.3,8.0,440.0,0
791,16813.0,97.0,4,3.2,94.0,22,2.0,8.8,5.0,96.0,10,5400.0,0.3,7.0,410.0,0
831,16978.0,98.0,3,2.8,95.0,19,1.0,9.0,7.0,97.0,8,5200.0,0.3,8.5,430.0,0
901,17013.0,97.0,2,3.0,94.0,23,2.0,9.2,9.0,98.0,9,5000.0,0.3,7.5,420.0,0
961,17213.0,98.0,1,2.9,96.0,20,1.5,9.5,8.0,99.0,10,5800.0,0.3,8.0,440.0,0
831,16923.0,97.0,4,3.1,95.0,22,2.0,8.8,5.0,96.0,7,5200.0,0.3,7.0,410.0,0
891,17013.0,98.0,3,3.0,94.0,19,1.0,9.0,7.0,97.0,8,5400.0,0.3,8.5,430.0,0
791,16813.0,97.0,2,2.8,95.0,23,2.0,9.2,9.0,98.0,9,5000.0,0.3,7.5,420.0,0
921,17213.0,98.0,1,2.9,96.0,20,1.5,9.5,8.0,99.0,10,5800.0,0.3,8.0,440.0,0
845,16875.0,96.0,3,2.5,93.0,21,1.5,8.5,6.0,97.0,8,4700.0,0.3,7.0,395.0,0
991,17123.0,99.0,2,2.8,97.0,22,2.0,9.0,8.0,98.0,9,5500.0,0.3,8.5,450.0,0
861,17013.0,98.0,1,2.7,95.0,20,1.0,9.2,7.0,99.0,10,5200.0,0.3,8.0,425.0,0
931,17323.0,99.0,3,3.0,98.0,23,2.5,8.8,9.0,97.0,8,5900.0,0.3,9.0,475.0,0
821,16923.0,96.0,2,2.4,94.0,21,1.5,8.0,6.0,98.0,9,4800.0,0.3,7.5,405.0,0
951,17175.0,99.0,1,2.9,97.0,20,1.0,9.5,8.0,99.0,10,5800.0,0.3,8.5,455.0,0
881,17075.0,98.0,2,2.7,96.0,22,2.0,9.0,7.0,98.0,9,5000.0,0.3,8.0,435.0,0
911,17275.0,99.0,3,3.0,98.0,23,2.5,8.8,9.0,97.0,8,5400.0,0.3,9.0,485.0,0
841,16975.0,96.0,1,2.5,94.0,21,1.5,8.0,6.0,98.0,9,4800.0,0.3,7.5,415.0,0
971,17375.0,99.0,2,2.9,97.0,22,2.0,9.5,8.0,99.0,10,5800.0,0.3,8.5,485.0,0
891,17075.0,98.0,1,2.7,96.0,20,1.0,9.2,7.0,99.0,10,5200.0,0.3,8.0,455.0,0
921,17275.0,99.0,3,3.0,98.0,23,2.5,8.8,9.0,97.0,8,5900.0,0.3,9.0,485.0,0
940,16450.5,96.2,4,2.8,95.0,20,1.5,8.5,5.0,96.0,8,4500.0,0.2,7.0,410.0,0
950,16550.0,97.0,3,3.0,96.0,22,2.0,9.0,6.0,98.0,9,4600.0,0.2,7.5,420.0,0
970,16850.0,98.0,2,2.9,97.0,24,2.5,9.5,7.0,99.0,10,4800.0,0.2,8.0,440.0,0
990,16950.5,98.0,1,2.8,96.0,23,1.0,8.8,5.0,97.0,9,4900.0,0.2,8.5,450.0,0
960,16650.0,97.0,4,3.0,97.0,21,2.5,9.2,6.0,98.0,8,4700.0,0.2,8.0,425.0,0
930,16750.5,96.0,3,2.9,95.0,20,1.5,8.0,4.0,97.0,10,4600.0,0.2,7.5,410.0,0
950,16550.0,98.0,2,2.8,96.0,22,2.0,9.5,5.0,99.0,9,4800.0,0.2,8.0,420.0,0
970,16850.0,99.0,1,3.0,97.0,24,2.5,9.0,6.0,98.0,8,4900.0,0.2,8.5,440.0,0
990,16950.5,98.0,4,2.9,96.0,23,1.0,8.8,4.0,97.0,10,5000.0,0.2,9.0,450.0,0
960,16650.0,97.0,3,3.0,97.0,21,2.5,9.2,5.0,99.0,9,4800.0,0.2,8.0,425.0,0
930,16750.5,96.0,2,2.8,95.0,20,1.5,8.0,3.0,98.0,8,4600.0,0.2,7.5,410.0,0
950,16550.0,98.0,1,3.0,96.0,22,2.0,9.5,4.0,99.0,10,4900.0,0.2,8.0,420.0,0
1010,17235.0,95.0,4,2.5,94.0,19,1.5,7.8,2.0,96.0,7,4200.0,0.3,6.5,395.0,0
980,17050.5,97.0,3,2.9,96.0,20,1.0,8.5,3.5,98.0,9,4700.0,0.3,7.0,415.0,0
1030,17350.0,96.0,5,3.0,95.0,18,2.5,8.0,4.0,97.0,8,4600.0,0.3,7.5,425.0,0
1000,17150.0,98.0,2,3.1,97.0,21,2.0,9.0,5.0,99.0,10,4900.0,0.3,8.5,445.0,0
1010,17235.0,95.0,1,2.6,94.0,19,1.5,7.8,2.0,96.0,7,4200.0,0.3,6.5,395.0,0
990,17050.5,97.0,4,3.0,96.0,20,1.0,8.5,3.5,98.0,9,4700.0,0.3,7.0,415.0,0
980,16950.0,96.0,3,2.9,95.0,19,2.5,8.0,4.0,97.0,8,4600.0,0.3,7.5,425.0,0
1030,17450.5,98.0,2,3.2,96.0,18,2.0,9.0,5.0,99.0,10,5000.0,0.3,8.0,455.0,0
1000,17350.0,97.0,5,3.0,95.0,21,1.5,7.8,2.0,96.0,7,4200.0,0.3,6.5,395.0,0
990,17150.5,96.0,1,2.8,94.0,20,1.0,8.5,3.5,98.0,9,4700.0,0.3,7.0,415.0,0
980,16950.0,98.0,4,3.0,96.0,19,2.5,8.0,4.0,97.0,8,4600.0,0.3,7.5,425.0,0
1030,17450.5,97.0,3,3.1,95.0,18,2.0,9.0,5.0,99.0,10,4900.0,0.3,8.5,445.0,0
1000,17350.0,96.0,5,3.2,96.0,21,1.5,7.8,2.0,96.0,7,4200.0,0.3,6.5,395.0,0
990,17235.0,97.0,1,2.9,95.0,20,1.0,8.5,3.5,98.0,9,4700.0,0.3,7.0,415.0,0
980,17050.5,98.0,4,3.0,96.0,19,2.5,8.0,4.0,97.0,8,4600.0,0.3,7.5,425.0,0
1030,17550.0,96.0,2,3.0,95.0,18,2.0,9.0,5.0,99.0,10,5000.0,0.3,8.0,455.0,0
812,18314.8,99.2,2,1.8,97.5,14,3.2,5.5,8.5,92.0,4,3800.0,0.35,5.5,315.0,0
945,19685.1,98.5,4,2.5,98.0,17,1.8,6.8,6.2,95.0,6,4500.0,0.35,6.0,395.0,0
1070,19215.5,97.8,3,2.2,96.0,16,2.5,8.2,4.8,98.0,9,4100.0,0.35,7.0,345.0,0
930,18735.0,98.0,2,2.0,97.0,18,2.2,7.0,5.8,96.0,8,4200.0,0.35,5.0,375.0,0
1010,19350.5,97.0,1,1.9,96.0,15,3.0,8.5,7.0,97.0,5,4000.0,0.35,6.5,395.0,0
985,19140.0,98.2,4,2.8,95.0,20,1.8,6.2,4.2,94.0,7,4400.0,0.35,7.5,365.0,0
1050,19050.0,97.5,2,2.5,97.0,17,2.8,7.5,6.5,98.0,10,4200.0,0.35,8.0,405.0,0
820,19430.5,98.8,3,2.0,96.0,19,3.5,5.8,8.8,93.0,3,3800.0,0.35,5.0,325.0,0
960,18850.0,98.0,1,2.5,97.0,16,2.0,6.5,5.5,95.0,9,4500.0,0.35,7.0,395.0,0
1100,19685.1,97.2,4,2.8,95.0,18,3.0,8.0,6.8,97.0,6,4600.0,0.35,8.5,415.0,0
980,19350.0,98.5,2,2.2,96.0,19,2.5,7.0,5.0,96.0,8,4200.0,0.35,7.0,395.0,0
1010,19235.0,97.8,3,2.5,97.0,17,2.2,8.5,7.0,98.0,5,4100.0,0.35,6.5,365.0,0
1020,19140.0,98.0,4,2.8,96.0,20,1.8,6.8,4.8,94.0,7,4400.0,0.35,7.5,395.0,0
990,19450.5,97.5,2,2.5,97.0,18,2.8,7.5,6.5,98.0,10,4200.0,0.35,8.0,405.0,0
820,15975.8,95.2,0,1.8,94.0,22,1.2,9.2,8.2,99.0,3,3800.0,0.28,9.5,285.0,0
940,15482.5,96.8,1,2.0,95.0,21,2.5,8.5,7.5,97.0,4,4000.0,0.32,8.0,335.0,0
1010,18235.0,98.2,4,2.5,97.0,19,2.0,7.2,5.2,96.0,6,4300.0,0.38,7.5,395.0,0
900,16875.0,97.0,3,2.2,96.0,20,2.8,8.8,6.8,98.0,5,4100.0,0.3,8.0,365.0,0
1080,16235.0,98.5,2,2.0,97.0,18,1.5,9.5,8.5,99.0,2,4200.0,0.35,9.0,335.0,0
970,15182.5,96.2,1,2.5,94.0,22,2.0,8.0,6.0,97.0,7,3900.0,0.28,8.5,395.0,0
1180,14582.5,97.5,3,2.0,96.0,19,1.8,9.8,9.2,98.0,9,4600.0,0.38,9.0,405.0,0
920,15682.5,95.8,4,2.8,95.0,21,2.5,8.2,7.2,96.0,6,3800.0,0.32,8.0,395.0,0
1090,15282.5,98.0,2,2.5,97.0,20,2.2,9.0,8.0,97.0,8,4200.0,0.35,9.0,365.0,0
1100,16375.0,96.5,3,2.2,96.0,19,2.0,8.5,7.5,98.0,5,4100.0,0.3,8.5,395.0,0
1000,14882.5,97.8,1,2.5,95.0,22,1.8,9.0,8.0,96.0,4,4000.0,0.35,9.0,335.0,0
1050,15882.5,98.5,4,2.8,97.0,20,2.5,8.8,7.8,98.0,7,4500.0,0.38,9.0,395.0,0
924,18512.5,95.0,2,3.2,94.0,18,3.0,8.5,8.5,97.0,9,4900.0,0.42,8.5,405.0,0
1170,15182.5,96.8,3,2.8,96.0,21,2.8,9.2,7.2,98.0,8,4200.0,0.37,9.0,395.0,0
1090,15782.5,98.0,2,2.5,97.0,19,2.2,9.0,8.0,97.0,6,4600.0,0.38,9.0,405.0,0
980,14382.5,97.5,1,2.8,96.0,20,1.8,9.5,8.5,96.0,5,4000.0,0.35,8.0,395.0,0
1140,15382.5,96.2,4,2.2,95.0,22,3.2,8.8,7.8,98.0,7,4800.0,0.42,9.0,365.0,0
1050,15982.5,98.8,2,3.0,97.0,18,2.0,9.0,8.0,97.0,4,4300.0,0.38,8.5,405.0,0
1180,16182.5,96.0,3,2.5,96.0,21,2.5,9.0,7.0,98.0,8,4600.0,0.37,9.0,395.0,0
1010,14782.5,97.8,1,2.2,95.0,19,2.0,9.2,8.2,96.0,6,4200.0,0.35,8.0,395.0,0
1100,15582.5,98.0,4,2.8,97.0,20,2.5,9.0,7.5,98.0,5,4500.0,0.42,9.0,365.0,0
1080,14982.5,96.5,3,2.5,96.0,22,3.0,9.0,8.0,97.0,9,4800.0,0.38,8.5,395.0,0
1020,15182.5,97.2,2,2.8,95.0,19,2.2,9.5,8.5,96.0,7,4300.0,0.37,8.0,395.0,0
1120,15782.5,98.0,4,2.2,97.0,21,2.8,9.0,7.8,98.0,8,4600.0,0.42,9.0,405.0,0
1060,15382.5,96.8,3,2.8,96.0,20,2.5,9.0,8.0,97.0,6,4500.0,0.38,8.5,395.0,0
980,14982.5,97.5,1,2.5,95.0,22,1.8,9.2,8.2,96.0,4,4200.0,0.35,8.0,365.0,0
1080,15982.5,98.0,2,2.8,97.0,19,2.2,9.0,8.0,97.0,9,4600.0,0.38,9.0,395.0,0
1000,14782.5,97.8,1,2.2,95.0,20,1.8,9.5,8.5,96.0,7,4300.0,0.35,8.0,395.0,0
950,17651.5,96.5,3,2.1,94.0,18,2.5,8.8,8.8,95.0,8,4800.0,0.4,8.5,375.0,0
1150,17382.5,98.5,1,2.6,98.0,22,2.0,9.8,9.2,99.0,9,5000.0,0.45,9.5,425.0,0
1030,16382.5,97.0,4,2.3,96.0,19,2.8,9.0,8.0,97.0,7,4700.0,0.42,9.0,395.0,0
920,16182.5,96.8,2,2.4,95.0,21,2.5,9.5,9.0,96.0,6,4600.0,0.38,8.0,375.0,0
1090,17182.5,98.2,3,2.9,97.0,20,2.2,9.2,8.5,98.0,8,4900.0,0.43,9.5,425.0,0
1010,16582.5,97.5,1,2.5,96.0,18,2.0,9.0,8.0,96.0,7,4500.0,0.4,8.0,395.0,0
1170,17982.5,99.0,4,2.7,98.0,23,2.5,10.0,9.5,99.0,10,5200.0,0.48,10.0,475.0,0
1040,16782.5,97.8,2,2.6,97.0,20,2.8,9.5,9.0,97.0,8,4800.0,0.42,9.0,425.0,0
1180,18182.5,99.2,5,2.8,98.0,24,2.0,10.5,10.0,99.0,9,5400.0,0.5,10.5,495.0,0
1050,16982.5,98.0,3,2.7,96.0,19,2.5,9.8,9.2,97.0,7,4700.0,0.43,9.0,425.0,0
1190,18382.5,99.5,1,2.9,98.0,22,2.5,11.0,10.5,99.0,10,5600.0,0.52,10.5,525.0,0
1060,17182.5,98.2,4,2.8,97.0,20,2.8,10.0,9.5,97.0,8,5000.0,0.45,9.5,475.0,0
1015,15712.5,98.5,2,2.5,95.0,21,2.3,9.2,8.8,98.0,9,4500.0,0.41,8.5,425.0,0
1020,15812.5,99.0,1,2.6,96.0,18,2.1,9.0,8.5,98.0,8,4600.0,0.42,8.0,425.0,0
1030,15912.5,98.8,3,2.7,97.0,19,2.2,9.5,9.0,98.0,9,4700.0,0.44,8.5,450.0,0
1045,16012.5,99.2,2,2.8,98.0,20,2.5,10.0,9.5,99.0,10,4800.0,0.46,9.0,475.0,0
1025,16112.5,98.0,1,2.9,96.0,17,2.0,9.0,8.0,98.0,7,4600.0,0.43,8.0,450.0,0
1050,16212.5,99.5,4,3.0,97.0,21,2.8,10.5,10.0,99.0,10,5000.0,0.49,9.5,500.0,0
1010,16312.5,98.8,3,2.8,95.0,18,2.2,9.5,9.0,98.0,8,4700.0,0.45,8.5,475.0,0
1035,16412.5,99.0,2,2.9,96.0,19,2.3,9.8,9.2,99.0,9,4800.0,0.47,9.0,500.0,0
1060,16512.5,98.2,1,3.0,97.0,20,2.0,10.0,9.5,99.0,10,4900.0,0.51,9.5,525.0,0
1080,16612.5,99.5,4,3.1,98.0,22,2.8,11.0,10.5,99.0,10,5200.0,0.54,10.0,550.0,0
1090,16712.5,99.0,2,3.2,97.0,21,2.5,10.5,10.0,99.0,9,5300.0,0.55,10.0,525.0,0
1100,16812.5,98.8,3,3.3,96.0,20,2.2,10.0,9.5,99.0,8,5000.0,0.52,9.5,550.0,0
1110,16912.5,99.2,1,3.4,97.0,19,2.0,10.5,10.0,99.0,10,5100.0,0.56,10.0,575.0,0
1120,17012.5,98.2,4,3.5,98.0,22,2.8,11.0,10.5,99.0,10,5400.0,0.59,10.5,600.0,0
1130,17112.5,99.5,2,3.6,97.0,21,2.5,11.0,10.5,99.0,9,5500.0,0.61,10.5,625.0,0
1140,17212.5,99.0,3,3.7,96.0,20,2.2,11.0,10.0,99.0,8,5200.0,0.58,10.0,650.0,0
1010,15122.5,95.0,2,2.9,95.0,18,1.8,8.0,8.5,98.0,7,4100.0,0.45,8.0,425.0,0
1020,15222.5,96.0,1,3.0,96.0,19,2.0,8.5,9.0,98.0,6,4200.0,0.48,8.5,450.0,0
1030,15322.5,97.0,3,3.1,97.0,20,2.2,9.0,9.5,98.0,7,4300.0,0.51,9.0,475.0,0
1040,15422.5,98.0,4,3.2,98.0,22,2.8,9.5,10.0,98.0,8,4400.0,0.54,9.5,500.0,0
1050,15522.5,99.0,2,3.3,99.0,21,2.5,10.0,10.5,98.0,9,4500.0,0.57,10.0,525.0,0
1060,15622.5,99.5,3,3.4,99.0,20,2.2,10.0,10.0,98.0,8,4600.0,0.6,10.0,550.0,0
1070,15722.5,99.0,4,3.5,98.0,22,2.8,10.5,10.5,98.0,9,4700.0,0.63,10.5,575.0,0
1080,15822.5,98.0,2,3.6,97.0,21,2.5,11.0,11.0,98.0,10,4800.0,0.66,10.5,600.0,0
1090,15922.5,97.0,3,3.7,96.0,20,2.2,11.0,11.0,98.0,9,4900.0,0.69,10.0,625.0,0
1100,16022.5,96.0,4,3.8,95.0,22,2.8,12.0,11.5,98.0,10,5000.0,0.72,10.5,650.0,0
1110,16122.5,95.0,2,3.9,95.0,21,2.5,12.0,12.0,98.0,9,5100.0,0.75,10.5,675.0,0
1120,16222.5,94.0,3,4.0,94.0,20,2.2,12.0,12.0,98.0,10,5200.0,0.78,10.0,700.0,0
1130,16322.5,93.0,4,4.1,93.0,22,2.8,13.0,12.5,98.0,11,5300.0,0.81,10.5,725.0,0
1140,16422.5,92.0,2,4.2,92.0,21,2.5,13.0,13.0,98.0,10,5400.0,0.84,10.5,750.0,0
1150,16522.5,91.0,3,4.3,91.0,20,2.2,13.0,13.0,98.0,11,5500.0,0.87,10.0,775.0,0
1160,16622.5,90.0,4,4.4,90.0,22,2.8,14.0,13.5,98.0,12,5600.0,0.9,10.5,800.0,0
1005,18000.0,85.0,1,0.8,85.0,19,2.0,8.0,8.0,96.0,8,3000.0,0.45,5.0,450.0,0
1010,18200.0,86.0,2,0.9,86.0,18,1.8,8.0,8.5,96.0,9,3100.0,0.48,5.5,475.0,0
1015,18400.0,87.0,3,1.0,87.0,20,2.5,9.0,9.0,96.0,10,3200.0,0.51,6.0,500.0,0
1020,18600.0,88.0,1,1.1,88.0,19,2.0,9.0,9.5,96.0,11,3300.0,0.54,6.5,525.0,0
1025,18800.0,89.0,2,1.2,89.0,18,1.8,10.0,10.0,96.0,12,3400.0,0.57,7.0,550.0,0
1030,19000.0,90.0,3,1.3,90.0,20,2.5,10.0,10.5,96.0,13,3500.0,0.6,7.5,575.0,0
1035,19200.0,91.0,1,1.4,91.0,19,2.0,11.0,11.0,96.0,14,3600.0,0.63,8.0,600.0,0
1040,19400.0,92.0,2,1.5,92.0,18,1.8,11.0,11.5,96.0,15,3700.0,0.66,8.5,625.0,0
1045,19600.0,93.0,3,1.6,93.0,20,2.5,12.0,12.0,96.0,16,3800.0,0.69,9.0,650.0,0
1050,19800.0,94.0,1,1.7,94.0,19,2.0,12.0,12.5,96.0,17,3900.0,0.72,9.5,675.0,0
1055,20000.0,95.0,2,1.8,95.0,18,1.8,13.0,13.0,96.0,18,4000.0,0.75,10.0,700.0,0
1060,20200.0,96.0,3,1.9,96.0,20,2.5,13.0,13.5,96.0,19,4100.0,0.78,10.5,725.0,0
1065,20400.0,97.0,1,2.0,97.0,19,2.0,14.0,14.0,96.0,20,4200.0,0.81,11.0,750.0,0
1070,20600.0,98.0,2,2.1,98.0,18,1.8,14.0,14.5,96.0,21,4300.0,0.84,11.5,775.0,0
1075,20800.0,99.0,3,2.2,99.0,20,2.5,15.0,15.0,96.0,22,4400.0,0.87,12.0,800.0,0
1080,21000.0,100.0,1,2.3,100.0,19,2.0,15.0,15.5,96.0,23,4500.0,0.9,12.5,825.0,0
1010,18200.0,90.0,4,1.6,90.0,22,2.2,12.0,12.0,94.0,12,3800.0,0.68,9.0,600.0,0
1015,18400.0,91.0,5,1.7,91.0,23,3.0,12.0,12.5,94.0,13,3900.0,0.72,9.5,625.0,0
1020,18600.0,92.0,2,1.8,92.0,21,1.8,13.0,13.0,94.0,14,4000.0,0.75,10.0,650.0,0
1025,18800.0,93.0,4,1.9,93.0,22,2.2,13.0,13.5,94.0,15,4100.0,0.78,10.5,675.0,0
1030,19000.0,94.0,1,2.0,94.0,20,2.0,14.0,14.0,94.0,16,4200.0,0.81,11.0,700.0,0
1035,19200.0,95.0,5,2.1,95.0,23,3.0,14.0,14.5,94.0,17,4300.0,0.84,11.5,725.0,0
1040,19400.0,96.0,2,2.2,96.0,21,1.8,15.0,15.0,94.0,18,4400.0,0.87,12.0,750.0,0
1045,19600.0,97.0,4,2.3,97.0,22,2.2,15.0,15.5,94.0,19,4500.0,0.9,12.5,775.0,0
1050,19800.0,98.0,1,2.4,98.0,20,2.0,16.0,16.0,94.0,20,4600.0,0.93,13.0,800.0,0
1055,20000.0,99.0,5,2.5,99.0,23,3.0,16.0,16.5,94.0,21,4700.0,0.96,13.5,825.0,0
1060,20200.0,100.0,2,2.6,100.0,21,1.8,17.0,17.0,94.0,22,4800.0,0.99,14.0,850.0,1
1065,20400.0,100.0,4,2.7,100.0,22,2.2,17.0,17.5,94.0,23,4900.0,1.02,14.5,875.0,1
1070,20600.0,100.0,1,2.8,100.0,20,2.0,18.0,18.0,94.0,24,5000.0,1.05,15.0,900.0,1
1075,20800.0,100.0,5,2.9,100.0,23,3.0,18.0,18.5,94.0,25,5100.0,1.08,15.5,925.0,1
1080,21000.0,100.0,2,3.0,100.0,21,1.8,19.0,19.0,94.0,26,5200.0,1.11,16.0,950.0,1
1085,21200.0,100.0,4,3.1,100.0,22,2.2,19.0,19.5,94.0,27,5300.0,1.14,16.5,975.0,1
1010,5050.0,99.0,0,0.7,99.0,5,0.5,5.0,5.0,98.0,0,1100.0,0.15,3.0,150.0,0
1015,5075.0,99.0,0,0.8,99.0,6,0.6,5.0,5.5,98.0,1,1200.0,0.17,3.5,175.0,0
1020,5100.0,99.0,1,0.9,99.0,7,0.7,6.0,6.0,98.0,2,1300.0,0.19,4.0,200.0,0
1025,5125.0,99.0,2,1.0,99.0,8,0.8,6.0,6.5,98.0,3,1400.0,0.21,4.5,225.0,0
1030,5150.0,99.0,3,1.1,99.0,9,0.9,7.0,7.0,98.0,4,1500.0,0.23,5.0,250.0,0
1035,5175.0,99.0,4,1.2,99.0,10,1.0,7.0,7.5,98.0,5,1600.0,0.25,5.5,275.0,0
1040,5200.0,99.0,5,1.3,99.0,11,1.1,8.0,8.0,98.0,6,1700.0,0.27,6.0,300.0,0
1045,5225.0,99.0,0,1.4,99.0,12,1.2,8.0,8.5,98.0,7,1800.0,0.29,6.5,325.0,0
1050,5250.0,99.0,1,1.5,99.0,13,1.3,9.0,9.0,98.0,8,1900.0,0.31,7.0,350.0,0
1055,5275.0,99.0,2,1.6,99.0,14,1.4,9.0,9.5,98.0,9,2000.0,0.33,7.5,375.0,0
1060,5300.0,99.0,3,1.7,99.0,15,1.5,10.0,10.0,98.0,10,2100.0,0.35,8.0,400.0,0
1065,5325.0,99.0,4,1.8,99.0,16,1.6,10.0,10.5,98.0,11,2200.0,0.37,8.5,425.0,0
1070,5350.0,99.0,5,1.9,99.0,17,1.7,11.0,11.0,98.0,12,2300.0,0.39,9.0,450.0,0
1075,5375.0,99.0,0,2.0,99.0,18,1.8,11.0,11.5,98.0,13,2400.0,0.41,9.5,475.0,0
1080,5400.0,99.0,1,2.1,99.0,19,1.9,12.0,12.0,98.0,14,2500.0,0.43,10.0,500.0,0
1085,5425.0,99.0,2,2.2,99.0,20,2.0,12.0,12.5,98.0,15,2600.0,0.45,10.5,525.0,0
1010,5180.0,96.0,1,0.5,85.0,12,1.0,7.0,8.0,95.0,9,1800.0,0.28,5.0,250.0,0
1015,5205.0,97.0,0,0.6,86.0,13,1.1,7.0,8.5,95.0,10,1900.0,0.3,5.5,275.0,0
1020,5230.0,98.0,2,0.7,87.0,14,1.2,8.0,9.0,96.0,11,2000.0,0.32,6.0,300.0,0
1025,5255.0,99.0,3,0.8,88.0,15,1.3,8.0,9.5,96.0,12,2100.0,0.34,6.5,325.0,0
1030,5280.0,99.0,4,0.9,89.0,16,1.4,9.0,10.0,97.0,13,2200.0,0.36,7.0,350.0,0
1035,5305.0,99.0,0,1.0,90.0,17,1.5,9.0,10.5,97.0,14,2300.0,0.38,7.5,375.0,0
1040,5330.0,99.0,1,1.1,91.0,18,1.6,10.0,11.0,98.0,15,2400.0,0.4,8.0,400.0,0
1045,5355.0,99.0,2,1.2,92.0,19,1.7,10.0,11.5,98.0,16,2500.0,0.42,8.5,425.0,0
1050,5380.0,99.0,3,1.3,93.0,20,1.8,11.0,12.0,99.0,17,2600.0,0.44,9.0,450.0,0
1055,5405.0,99.0,4,1.4,94.0,21,1.9,11.0,12.5,99.0,18,2700.0,0.46,9.5,475.0,0
1060,5430.0,99.0,0,1.5,95.0,22,2.0,12.0,13.0,99.0,19,2800.0,0.48,10.0,500.0,0
1065,5455.0,99.0,1,1.6,96.0,23,2.1,12.0,13.5,99.0,20,2900.0,0.5,10.5,525.0,0
1070,5480.0,99.0,2,1.7,97.0,24,2.2,13.0,14.0,99.0,21,3000.0,0.52,11.0,550.0,0
1075,5505.0,99.0,3,1.8,98.0,0,2.3,13.0,14.5,99.0,22,3100.0,0.54,11.5,575.0,0
1080,5530.0,99.0,4,1.9,99.0,1,2.4,14.0,15.0,99.0,23,3200.0,0.56,12.0,600.0,0
1085,5555.0,99.0,0,2.0,100.0,2,2.5,14.0,15.5,99.0,24,3300.0,0.58,12.5,625.0,0
927,18212.5,98.5,2,2.2,92.0,14,3.8,5.9,5.2,95.0,6,4200.0,0.42,8.0,475.0,0
932,18487.5,98.5,1,2.3,92.5,15,4.1,6.0,5.8,95.0,7,4300.0,0.44,8.5,500.0,0
937,18762.5,98.5,3,2.4,93.0,16,4.3,6.1,6.3,95.0,8,4400.0,0.46,9.0,525.0,0
942,19037.5,98.5,0,2.5,93.5,17,4.5,6.2,6.8,95.0,9,4500.0,0.48,9.5,550.0,0
947,19212.5,98.5,2,2.6,94.0,18,4.7,6.3,7.2,95.0,10,4600.0,0.5,10.0,575.0,0
952,19487.5,98.5,1,2.7,94.5,19,4.9,6.4,7.5,95.0,11,4700.0,0.52,10.5,600.0,0
957,19762.5,98.5,3,2.8,95.0,20,5.1,6.5,8.0,95.0,12,4800.0,0.54,11.0,625.0,0
962,20037.5,98.5,0,2.9,95.5,21,5.3,6.6,8.3,95.0,13,4900.0,0.56,11.5,650.0,0
967,20212.5,98.5,2,3.0,96.0,22,5.5,6.7,8.8,95.0,14,5000.0,0.58,12.0,675.0,0
972,20487.5,98.5,1,3.1,96.5,23,5.7,6.8,9.1,95.0,15,5100.0,0.6,12.5,700.0,0
977,20762.5,98.5,3,3.2,97.0,24,5.9,6.9,9.5,95.0,16,5200.0,0.62,13.0,725.0,0
982,21037.5,98.5,0,3.3,97.5,0,6.1,7.0,9.8,95.0,17,5300.0,0.64,13.5,750.0,0
1085,14850.0,99.8,4,1.9,92.0,15,3.9,4.2,5.6,92.0,5,3700.0,0.43,9.0,450.0,0
1090,15125.0,99.8,1,2.0,92.5,16,4.1,4.3,5.8,92.0,6,3800.0,0.45,9.5,475.0,0
1095,15400.0,99.8,2,2.1,93.0,17,4.3,4.4,6.1,92.0,7,3900.0,0.47,10.0,500.0,0
1100,15675.0,99.8,3,2.2,93.5,18,4.5,4.5,6.4,92.0,8,4000.0,0.49,10.5,525.0,0
1105,15950.0,99.8,4,2.3,94.0,19,4.7,4.6,6.7,92.0,9,4100.0,0.51,11.0,550.0,0
1110,16225.0,99.8,0,2.4,94.5,20,4.9,4.7,7.0,92.0,10,4200.0,0.53,11.5,575.0,0
1115,16500.0,99.8,1,2.5,95.0,21,5.1,4.8,7.3,92.0,11,4300.0,0.55,12.0,600.0,0
1120,16775.0,99.8,2,2.6,95.5,22,5.3,4.9,7.6,92.0,12,4400.0,0.57,12.5,625.0,0
1125,17050.0,99.8,3,2.7,96.0,23,5.5,5.0,8.0,92.0,13,4500.0,0.59,13.0,650.0,0
1130,17325.0,99.8,4,2.8,96.5,24,5.7,5.1,8.3,92.0,14,4600.0,0.61,13.5,675.0,0
1135,17600.0,99.8,0,2.9,97.0,0,5.9,5.2,8.6,92.0,15,4700.0,0.63,14.0,700.0,0
1140,17875.0,99.8,1,3.0,97.5,1,6.1,5.3,9.0,92.0,16,4800.0,0.65,14.5,725.0,0
1145,18150.0,99.8,2,3.1,98.0,2,6.3,5.4,9.4,92.0,17,4900.0,0.67,15.0,750.0,0
1150,18425.0,99.8,3,3.2,98.5,3,6.5,5.5,9.8,92.0,18,5000.0,0.69,15.5,775.0,0
1155,18700.0,99.8,4,3.3,99.0,4,6.7,5.6,10.1,92.0,19,5100.0,0.71,16.0,800.0,0
1160,18975.0,99.8,0,3.4,99.5,5,6.9,5.7,10.4,92.0,20,5200.0,0.73,16.5,825.0,0
928,16128.0,99.2,4,2.8,96.0,12,5.3,4.8,7.9,91.0,12,4200.0,0.59,13.0,675.0,0
930,16301.0,99.5,5,2.9,96.5,13,5.5,4.9,8.1,91.0,13,4300.0,0.61,13.5,700.0,0
932,16574.0,99.7,0,3.0,97.0,14,5.7,5.0,8.3,91.0,14,4400.0,0.63,14.0,725.0,0
934,16847.0,99.8,1,3.1,97.5,15,5.9,5.1,8.5,91.0,15,4500.0,0.65,14.5,750.0,0
936,17120.0,99.9,2,3.2,98.0,16,6.1,5.2,8.7,91.0,16,4600.0,0.67,15.0,775.0,0
938,17393.0,99.9,3,3.3,98.5,17,6.3,5.3,8.9,91.0,17,4700.0,0.69,15.5,800.0,0
940,17666.0,99.9,4,3.4,99.0,18,6.5,5.4,9.1,91.0,18,4800.0,0.71,16.0,825.0,0
942,17939.0,99.9,0,3.5,99.5,19,6.7,5.5,9.3,91.0,19,4900.0,0.73,16.5,850.0,0
944,18112.0,99.9,1,3.6,99.0,20,6.9,5.6,9.5,91.0,20,5000.0,0.75,17.0,875.0,0
946,18385.0,99.9,2,3.7,99.0,21,7.1,5.7,9.7,91.0,21,5100.0,0.77,17.5,900.0,0
948,18658.0,99.9,3,3.8,99.5,22,7.3,5.8,9.9,91.0,22,5200.0,0.79,18.0,925.0,0
950,18931.0,99.9,4,3.9,99.0,23,7.5,5.9,10.1,91.0,23,5300.0,0.81,18.5,950.0,0
101,16823.5,98.8,3,1.9,98.5,12,4.3,4.1,7.8,92.5,5,1400.0,0.28,5.0,375.0,0
102,17087.2,99.2,0,2.0,98.0,13,4.5,4.2,8.0,92.5,6,1500.0,0.3,5.5,400.0,0
103,17351.0,99.5,1,2.1,98.5,14,4.7,4.3,8.2,92.5,7,1600.0,0.32,6.0,425.0,0
104,17514.7,99.8,2,2.2,99.0,15,4.9,4.4,8.4,92.5,8,1700.0,0.34,6.5,450.0,0
105,17678.5,99.9,3,2.3,99.5,16,5.1,4.5,8.6,92.5,9,1800.0,0.36,7.0,475.0,0
106,17842.2,99.9,4,2.4,99.0,17,5.3,4.6,8.8,92.5,10,1900.0,0.38,7.5,500.0,0
107,18006.0,99.9,5,2.5,99.5,18,5.5,4.7,9.0,92.5,11,2000.0,0.4,8.0,525.0,0
108,18169.8,99.9,0,2.6,99.0,19,5.7,4.8,9.2,92.5,12,2100.0,0.42,8.5,550.0,0
109,18333.5,99.9,1,2.7,99.5,20,5.9,4.9,9.4,92.5,13,2200.0,0.44,9.0,575.0,0
110,18497.3,99.9,2,2.8,99.0,21,6.1,5.0,9.6,92.5,14,2300.0,0.46,9.5,600.0,0
111,18661.0,99.9,3,2.9,99.5,22,6.3,5.1,9.8,92.5,15,2400.0,0.48,10.0,625.0,0
112,18825.8,99.9,4,3.0,99.0,23,6.5,5.2,10.0,92.5,16,2500.0,0.5,10.5,650.0,0
113,18990.5,99.9,5,3.1,99.5,24,6.7,5.3,10.2,92.5,17,2600.0,0.52,11.0,675.0,0
114,19155.3,99.9,0,3.2,99.0,0,6.9,5.4,10.4,92.5,18,2700.0,0.54,11.5,700.0,0
115,19320.0,99.9,1,3.3,99.5,0,7.1,5.5,10.6,92.5,19,2800.0,0.56,12.0,725.0,0
116,19484.7,99.9,2,3.4,99.0,0,7.3,5.6,10.8,92.5,20,2900.0,0.58,12.5,750.0,0
187,18451.9,98.5,1,1.7,97.2,8,4.5,6.9,8.5,95.0,10,3200.0,0.42,6.0,550.0,0
218,18039.1,98.2,3,2.1,96.5,11,5.1,7.8,9.2,96.0,11,3300.0,0.44,7.0,580.0,0
243,17726.3,97.9,4,2.3,96.0,14,5.7,8.7,9.9,97.0,12,3400.0,0.46,7.5,610.0,0
269,17313.4,97.6,5,2.5,95.5,17,6.3,9.6,10.6,98.0,13,3500.0,0.48,8.0,640.0,0
295,16800.5,97.3,0,2.7,95.0,20,6.9,10.5,11.3,98.5,14,3600.0,0.5,8.5,670.0,0
322,16287.7,97.0,1,3.0,94.5,23,7.5,11.4,11.9,99.0,15,3700.0,0.52,9.0,700.0,0
349,15775.0,96.7,2,3.3,94.0,26,8.1,12.3,12.5,99.5,16,3800.0,0.54,9.5,730.0,0
377,15262.2,96.4,3,3.6,93.5,29,8.7,13.2,13.1,100.0,17,3900.0,0.56,10.0,760.0,0
405,14749.5,96.1,4,4.0,93.0,32,9.3,14.1,13.7,100.5,18,4000.0,0.58,10.5,790.0,0
433,14236.9,95.8,5,4.3,92.5,35,9.9,15.0,14.3,101.0,19,4100.0,0.6,11.0,820.0,0
462,13724.2,95.5,0,4.6,92.0,38,10.5,15.9,14.9,101.5,20,4200.0,0.62,11.5,850.0,0
491,13211.6,95.2,1,5.0,91.5,41,11.1,16.8,15.5,102.0,21,4300.0,0.64,12.0,880.0,0
520,12699.0,94.9,2,5.4,91.0,44,11.7,17.7,16.1,102.5,22,4400.0,0.66,12.5,910.0,0
549,12186.4,94.6,3,5.8,90.5,47,12.3,18.6,16.7,103.0,23,4500.0,0.68,13.0,940.0,0
579,11673.8,94.3,4,6.2,90.0,50,12.9,19.5,17.3,103.5,24,4600.0,0.7,13.5,970.0,0
609,11161.1,94.0,5,6.6,89.5,53,13.5,20.4,17.9,104.0,25,4700.0,0.72,14.0,1000.0,0
1020,15231.9,96.8,0,3.9,88.0,14,3.5,8.2,8.2,85.0,6,3800.0,0.54,8.0,120.0,0
1049,15941.3,96.2,1,4.1,87.5,17,4.1,9.1,9.1,86.0,7,3900.0,0.56,8.5,130.0,0
1079,16651.7,95.6,2,4.3,87.0,20,4.6,9.9,9.9,87.0,8,4000.0,0.58,9.0,140.0,0
1109,17362.0,95.0,3,4.5,86.5,23,5.0,10.7,10.7,88.0,9,4100.0,0.6,9.5,150.0,0
1139,18072.3,94.4,4,4.7,86.0,26,5.4,11.5,11.5,89.0,10,4200.0,0.62,10.0,160.0,0
1169,18782.5,93.8,5,4.9,85.5,29,5.8,12.2,12.2,90.0,11,4300.0,0.64,10.5,170.0,0
1200,19492.8,93.2,0,5.1,85.0,32,6.2,13.0,13.0,91.0,12,4400.0,0.66,11.0,180.0,0
1229,20203.0,92.6,1,5.3,84.5,35,6.7,13.8,13.8,92.0,13,4500.0,0.68,11.5,190.0,0
1259,20913.2,92.0,2,5.5,84.0,38,7.1,14.6,14.6,93.0,14,4600.0,0.7,12.0,200.0,0
1290,21623.4,91.4,3,5.7,83.5,41,7.5,15.4,15.4,94.0,15,4700.0,0.72,12.5,210.0,0
1320,22333.6,90.8,4,5.9,83.0,44,8.0,16.1,16.1,95.0,16,4800.0,0.74,13.0,220.0,0
1349,23044.0,90.2,5,6.1,82.5,47,8.4,17.0,17.0,96.0,17,4900.0,0.76,13.5,230.0,0
1379,23754.3,89.6,0,6.3,82.0,50,8.9,17.9,17.9,97.0,18,5000.0,0.78,14.0,240.0,0
1410,24464.6,89.0,1,6.5,81.5,53,9.3,18.8,18.8,98.0,19,5100.0,0.8,14.5,250.0,0
1440,25175.0,88.4,2,6.7,81.0,56,9.7,19.7,19.7,99.0,20,5200.0,0.82,15.0,260.0,0
1469,25885.4,87.8,3,6.9,80.5,59,10.1,20.6,20.6,100.0,21,5300.0,0.84,15.5,270.0,0
1023,5863.8,81.9,2,4.2,68.0,22,2.0,4.9,4.9,90.0,6,1700.0,0.29,5.0,110.0,0
1067,6057.9,82.5,1,4.5,69.5,25,2.5,5.5,5.5,92.0,7,1800.0,0.31,5.5,120.0,0
1111,6249.0,83.1,0,4.8,70.9,28,3.0,6.3,6.3,94.0,8,1900.0,0.33,6.0,130.0,0
1155,6440.2,83.7,3,5.1,72.3,31,3.5,7.1,7.1,96.0,9,2000.0,0.35,6.5,140.0,0
1200,6630.5,84.3,4,5.4,73.7,34,4.0,8.0,8.0,98.0,10,2100.0,0.37,7.0,150.0,0
1244,6819.8,85.0,5,5.7,75.1,37,4.5,8.9,8.9,100.0,11,2200.0,0.39,7.5,160.0,0
1288,7008.9,85.7,0,6.0,76.5,40,5.0,9.8,9.8,102.0,12,2300.0,0.41,8.0,170.0,0
1332,7196.9,86.4,1,6.3,77.9,43,5.5,10.7,10.7,104.0,13,2400.0,0.43,8.5,180.0,0
1376,7384.0,87.1,2,6.6,79.3,46,6.0,11.6,11.6,106.0,14,2500.0,0.45,9.0,190.0,0
1420,7569.9,87.8,3,6.9,80.7,49,6.5,12.5,12.5,108.0,15,2600.0,0.47,9.5,200.0,0
1464,7754.9,88.5,4,7.2,82.1,52,7.0,13.4,13.4,110.0,16,2700.0,0.49,10.0,210.0,0
1508,7939.9,89.2,5,7.5,83.5,55,7.5,14.3,14.3,112.0,17,2800.0,0.51,10.5,220.0,0
1010,14567.0,98.9,0,1.8,96.8,21,2.0,7.1,7.1,98.0,8,1200.0,0.29,3.0,140.0,0
1054,15743.0,99.6,1,2.1,97.9,24,2.5,7.9,7.9,100.0,9,1300.0,0.31,3.5,150.0,0
1098,16919.0,100.3,2,2.4,98.9,27,3.0,8.7,8.7,102.0,10,1400.0,0.33,4.0,160.0,0
1142,18094.0,100.9,3,2.7,99.8,30,3.5,9.5,9.5,104.0,11,1500.0,0.35,4.5,170.0,0
1186,19268.0,101.5,4,3.0,100.7,33,4.0,10.3,10.3,106.0,12,1600.0,0.37,5.0,180.0,0
1230,20442.0,102.1,5,3.3,101.5,36,4.5,11.1,11.1,108.0,13,1700.0,0.39,5.5,190.0,0
1274,21615.0,102.7,0,3.6,102.3,39,5.0,11.9,11.9,110.0,14,1800.0,0.41,6.0,200.0,0
1318,22787.0,103.3,1,3.9,103.1,42,5.5,12.7,12.7,112.0,15,1900.0,0.43,6.5,210.0,0
1362,23958.0,103.9,2,4.2,103.9,45,6.0,13.5,13.5,114.0,16,2000.0,0.45,7.0,220.0,0
1406,25128.0,104.5,3,4.5,104.7,48,6.5,14.3,14.3,116.0,17,2100.0,0.47,7.5,230.0,0
1450,26297.0,105.1,4,4.8,105.5,51,7.0,15.1,15.1,118.0,18,2200.0,0.49,8.0,240.0,0
1494,27465.0,105.7,5,5.1,106.3,54,7.5,15.9,15.9,120.0,19,2300.0,0.51,8.5,250.0,0
1538,28632.0,106.3,0,5.4,107.1,57,8.0,16.7,16.7,122.0,20,2400.0,0.53,9.0,260.0,0
1582,29798.0,106.9,1,5.7,107.9,60,8.5,17.5,17.5,124.0,21,2500.0,0.55,9.5,270.0,0
1626,30963.0,107.5,2,6.0,108.7,63,9.0,18.3,18.3,126.0,22,2600.0,0.57,10.0,280.0,0
1670,32127.0,108.1,3,6.3,109.5,66,9.5,19.1,19.1,128.0,23,2700.0,0.59,10.5,290.0,0
1038,17813.0,89.3,0,2.8,93.2,9,2.0,6.5,6.5,98.0,5,1400.0,0.35,3.0,150.0,0
1082,19465.0,90.9,1,3.2,94.9,12,2.5,7.3,7.3,100.0,6,1500.0,0.37,3.5,160.0,0
1126,21017.0,92.5,2,3.6,96.6,15,3.0,8.1,8.1,102.0,7,1600.0,0.39,4.0,170.0,0
1170,22568.0,94.1,3,4.0,98.3,18,3.5,9.0,9.0,104.0,8,1700.0,0.41,4.5,180.0,0
1214,24119.0,95.7,4,4.4,100.0,21,4.0,9.9,9.9,106.0,9,1800.0,0.43,5.0,190.0,0
1258,25670.0,97.3,5,4.8,101.7,24,4.5,10.8,10.8,108.0,10,1900.0,0.45,5.5,200.0,0
1302,27221.0,98.9,0,5.2,103.5,27,5.0,11.7,11.7,110.0,11,2000.0,0.47,6.0,210.0,0
1346,28772.0,100.5,1,5.6,105.3,30,5.5,12.6,12.6,112.0,12,2100.0,0.49,6.5,220.0,0
1390,30323.0,102.1,2,6.0,107.1,33,6.0,13.5,13.5,114.0,13,2200.0,0.51,7.0,230.0,0
1434,31874.0,103.7,3,6.4,109.0,36,6.5,14.4,14.4,116.0,14,2300.0,0.53,7.5,240.0,0
1478,33425.0,105.3,4,6.8,110.9,39,7.0,15.3,15.3,118.0,15,2400.0,0.55,8.0,250.0,0
1522,34976.0,106.9,5,7.2,112.8,42,7.5,16.2,16.2,120.0,16,2500.0,0.57,8.5,260.0,0
1566,36527.0,108.5,0,7.6,114.7,45,8.0,17.1,17.1,122.0,17,2600.0,0.59,9.0,270.0,0
1610,38078.0,110.1,1,8.0,116.6,48,8.5,18.0,18.0,124.0,18,2700.0,0.61,9.5,280.0,0
1654,39629.0,111.7,2,8.4,118.5,51,9.0,18.9,18.9,126.0,19,2800.0,0.63,10.0,290.0,0
1698,41180.0,113.3,3,8.8,120.4,54,9.5,19.8,19.8,128.0,20,2900.0,0.65,10.5,300.0,0
1015,13907.5,91.9,4,1.2,68.5,18,2.0,6.5,6.5,92.0,2,1200.0,0.38,3.0,180.0,0
1089,15182.0,94.2,2,1.8,71.9,21,2.5,7.2,7.2,94.0,3,1300.0,0.4,3.5,190.0,0
1163,16456.5,96.5,0,2.4,75.3,24,3.0,8.0,8.0,96.0,4,1400.0,0.42,4.0,200.0,0
1237,17731.0,98.8,1,3.0,79.7,27,3.5,9.0,9.0,98.0,5,1500.0,0.44,4.5,210.0,0
1311,19005.5,101.1,3,3.6,83.1,30,4.0,10.0,10.0,100.0,6,1600.0,0.46,5.0,220.0,0
1385,20280.0,103.4,4,4.2,86.5,33,4.5,11.0,11.0,102.0,7,1700.0,0.48,5.5,230.0,0
1459,21554.5,105.7,0,4.8,89.9,36,5.0,12.0,12.0,104.0,8,1800.0,0.5,6.0,240.0,0
1533,22829.0,108.0,1,5.4,93.3,39,5.5,13.0,13.0,106.0,9,1900.0,0.52,6.5,250.0,0
1607,24099.5,110.3,2,6.0,96.7,42,6.0,14.0,14.0,108.0,10,2000.0,0.54,7.0,260.0,0
1681,25369.0,112.6,3,6.6,100.1,45,6.5,15.0,15.0,110.0,11,2100.0,0.56,7.5,270.0,0
1755,26638.5,114.9,4,7.2,103.5,48,7.0,16.0,16.0,112.0,12,2200.0,0.58,8.0,280.0,0
1830,27898.0,117.2,0,7.8,106.9,51,7.5,17.0,17.0,114.0,13,2300.0,0.6,8.5,290.0,0
1904,29157.5,119.5,1,8.4,110.3,54,8.0,18.0,18.0,116.0,14,2400.0,0.62,9.0,300.0,0
1978,30417.0,121.8,2,9.0,113.7,57,8.5,19.0,19.0,118.0,15,2500.0,0.64,9.5,310.0,0
2052,31676.5,124.1,3,9.6,117.1,60,9.0,20.0,20.0,120.0,16,2600.0,0.66,10.0,320.0,0
2127,32935.0,126.4,4,10.2,120.5,63,9.5,21.0,21.0,122.0,17,2700.0,0.68,10.5,330.0,0
927,13321.5,92.3,2,4.8,95.1,24,4.0,6.0,6.0,90.0,5,1500.0,0.42,6.0,230.0,0
935,13565.0,94.6,1,5.2,97.4,27,4.5,7.0,7.0,92.0,6,1600.0,0.44,6.5,240.0,0
943,13808.5,96.9,3,5.6,99.7,30,5.0,8.0,8.0,94.0,7,1700.0,0.46,7.0,250.0,0
951,14051.0,99.2,4,6.0,102.0,33,5.5,9.0,9.0,96.0,8,1800.0,0.48,7.5,260.0,0
959,14293.5,101.5,5,6.4,104.3,36,6.0,10.0,10.0,98.0,9,1900.0,0.5,8.0,270.0,0
967,14535.0,103.8,2,6.8,106.6,39,6.5,11.0,11.0,100.0,10,2000.0,0.52,8.5,280.0,0
975,14776.5,106.1,3,7.2,108.9,42,7.0,12.0,12.0,102.0,11,2100.0,0.54,9.0,290.0,0
983,15017.0,108.4,4,7.6,111.2,45,7.5,13.0,13.0,104.0,12,2200.0,0.56,9.5,300.0,0
991,15257.5,110.7,5,8.0,113.5,48,8.0,14.0,14.0,106.0,13,2300.0,0.58,10.0,310.0,0
